2025-03-17 15:55:09 0 [Note] Starting MariaDB 10.4.32-MariaDB source revision c4143f909528e3fab0677a28631d10389354c491 as process 11868
2025-03-17 15:55:09 0 [Note] InnoDB: Mutexes and rw_locks use Windows interlocked functions
2025-03-17 15:55:09 0 [Note] InnoDB: Uses event mutexes
2025-03-17 15:55:09 0 [Note] InnoDB: Compressed tables use zlib 1.3
2025-03-17 15:55:09 0 [Note] InnoDB: Number of pools: 1
2025-03-17 15:55:09 0 [Note] InnoDB: Using SSE2 crc32 instructions
2025-03-17 15:55:09 0 [Note] InnoDB: Initializing buffer pool, total size = 16M, instances = 1, chunk size = 16M
2025-03-17 15:55:09 0 [Note] InnoDB: Completed initialization of buffer pool
2025-03-17 15:55:09 0 [Note] InnoDB: Starting crash recovery from checkpoint LSN=300288
2025-03-17 15:55:10 0 [Note] InnoDB: 128 out of 128 rollback segments are active.
2025-03-17 15:55:10 0 [Note] InnoDB: Removed temporary tablespace data file: "ibtmp1"
2025-03-17 15:55:10 0 [Note] InnoDB: Creating shared tablespace for temporary tables
2025-03-17 15:55:10 0 [Note] InnoDB: Setting file 'D:\PROGRAMMING LANGUAGES\XAMPP\mysql\data\ibtmp1' size to 12 MB. Physically writing the file full; Please wait ...
2025-03-17 15:55:10 0 [Note] InnoDB: File 'D:\PROGRAMMING LANGUAGES\XAMPP\mysql\data\ibtmp1' size is now 12 MB.
2025-03-17 15:55:10 0 [Note] InnoDB: Waiting for purge to start
2025-03-17 15:55:10 0 [Note] InnoDB: 10.4.32 started; log sequence number 300297; transaction id 170
2025-03-17 15:55:10 0 [Note] InnoDB: Loading buffer pool(s) from D:\PROGRAMMING LANGUAGES\XAMPP\mysql\data\ib_buffer_pool
2025-03-17 15:55:10 0 [Note] Plugin 'FEEDBACK' is disabled.
2025-03-17 15:55:10 0 [Note] Server socket created on IP: '::'.
2025-03-17 17:38:29 0 [Note] Starting MariaDB 10.4.32-MariaDB source revision c4143f909528e3fab0677a28631d10389354c491 as process 9888
2025-03-17 17:38:29 0 [Note] InnoDB: Mutexes and rw_locks use Windows interlocked functions
2025-03-17 17:38:29 0 [Note] InnoDB: Uses event mutexes
2025-03-17 17:38:29 0 [Note] InnoDB: Compressed tables use zlib 1.3
2025-03-17 17:38:29 0 [Note] InnoDB: Number of pools: 1
2025-03-17 17:38:29 0 [Note] InnoDB: Using SSE2 crc32 instructions
2025-03-17 17:38:29 0 [Note] InnoDB: Initializing buffer pool, total size = 16M, instances = 1, chunk size = 16M
2025-03-17 17:38:29 0 [Note] InnoDB: Completed initialization of buffer pool
2025-03-17 17:38:29 0 [Note] InnoDB: Starting crash recovery from checkpoint LSN=300306
2025-03-17 17:38:30 0 [Note] InnoDB: 128 out of 128 rollback segments are active.
2025-03-17 17:38:30 0 [Note] InnoDB: Removed temporary tablespace data file: "ibtmp1"
2025-03-17 17:38:30 0 [Note] InnoDB: Creating shared tablespace for temporary tables
2025-03-17 17:38:30 0 [Note] InnoDB: Setting file 'D:\PROGRAMMING LANGUAGES\XAMPP\mysql\data\ibtmp1' size to 12 MB. Physically writing the file full; Please wait ...
2025-03-17 17:38:30 0 [Note] InnoDB: File 'D:\PROGRAMMING LANGUAGES\XAMPP\mysql\data\ibtmp1' size is now 12 MB.
2025-03-17 17:38:30 0 [Note] InnoDB: Waiting for purge to start
2025-03-17 17:38:30 0 [Note] InnoDB: 10.4.32 started; log sequence number 300315; transaction id 170
2025-03-17 17:38:30 0 [Note] InnoDB: Loading buffer pool(s) from D:\PROGRAMMING LANGUAGES\XAMPP\mysql\data\ib_buffer_pool
2025-03-17 17:38:30 0 [Note] Plugin 'FEEDBACK' is disabled.
2025-03-17 17:38:30 0 [Note] Server socket created on IP: '::'.
2025-03-17 18:29:12 0 [Note] Starting MariaDB 10.4.32-MariaDB source revision c4143f909528e3fab0677a28631d10389354c491 as process 8696
2025-03-17 18:29:12 0 [Note] InnoDB: Mutexes and rw_locks use Windows interlocked functions
2025-03-17 18:29:12 0 [Note] InnoDB: Uses event mutexes
2025-03-17 18:29:12 0 [Note] InnoDB: Compressed tables use zlib 1.3
2025-03-17 18:29:12 0 [Note] InnoDB: Number of pools: 1
2025-03-17 18:29:12 0 [Note] InnoDB: Using SSE2 crc32 instructions
2025-03-17 18:29:12 0 [Note] InnoDB: Initializing buffer pool, total size = 16M, instances = 1, chunk size = 16M
2025-03-17 18:29:12 0 [Note] InnoDB: Completed initialization of buffer pool
2025-03-17 18:29:12 0 [Note] InnoDB: Starting crash recovery from checkpoint LSN=300306
2025-03-17 18:29:12 0 [Warning] InnoDB: Ignoring a doublewrite copy of page [page id: space=0, page number=253] with future log sequence number 304086
2025-03-17 18:29:12 0 [Warning] InnoDB: Ignoring a doublewrite copy of page [page id: space=0, page number=372] with future log sequence number 304086
2025-03-17 18:29:12 0 [Warning] InnoDB: Ignoring a doublewrite copy of page [page id: space=0, page number=250] with future log sequence number 304042
2025-03-17 18:29:12 0 [Warning] InnoDB: Ignoring a doublewrite copy of page [page id: space=0, page number=371] with future log sequence number 304042
2025-03-17 18:29:12 0 [Warning] InnoDB: Ignoring a doublewrite copy of page [page id: space=0, page number=249] with future log sequence number 303998
2025-03-17 18:29:12 0 [Warning] InnoDB: Ignoring a doublewrite copy of page [page id: space=0, page number=370] with future log sequence number 303998
2025-03-17 18:29:12 0 [Warning] InnoDB: Ignoring a doublewrite copy of page [page id: space=0, page number=240] with future log sequence number 303954
2025-03-17 18:29:12 0 [Warning] InnoDB: Ignoring a doublewrite copy of page [page id: space=0, page number=369] with future log sequence number 303954
2025-03-17 18:29:12 0 [Warning] InnoDB: Ignoring a doublewrite copy of page [page id: space=0, page number=231] with future log sequence number 303910
2025-03-17 18:29:12 0 [Warning] InnoDB: Ignoring a doublewrite copy of page [page id: space=0, page number=368] with future log sequence number 303910
2025-03-17 18:29:12 0 [Warning] InnoDB: Ignoring a doublewrite copy of page [page id: space=0, page number=230] with future log sequence number 303866
2025-03-17 18:29:12 0 [Warning] InnoDB: Ignoring a doublewrite copy of page [page id: space=0, page number=367] with future log sequence number 303866
2025-03-17 18:29:12 0 [Warning] InnoDB: Ignoring a doublewrite copy of page [page id: space=0, page number=229] with future log sequence number 303822
2025-03-17 18:29:12 0 [Warning] InnoDB: Ignoring a doublewrite copy of page [page id: space=0, page number=366] with future log sequence number 303822
2025-03-17 18:29:12 0 [Warning] InnoDB: Ignoring a doublewrite copy of page [page id: space=0, page number=228] with future log sequence number 303778
2025-03-17 18:29:12 0 [Warning] InnoDB: Ignoring a doublewrite copy of page [page id: space=0, page number=365] with future log sequence number 303778
2025-03-17 18:29:12 0 [Warning] InnoDB: Ignoring a doublewrite copy of page [page id: space=0, page number=227] with future log sequence number 303734
2025-03-17 18:29:12 0 [Warning] InnoDB: Ignoring a doublewrite copy of page [page id: space=0, page number=364] with future log sequence number 303734
2025-03-17 18:29:12 0 [Warning] InnoDB: Ignoring a doublewrite copy of page [page id: space=0, page number=226] with future log sequence number 303690
2025-03-17 18:29:12 0 [Warning] InnoDB: Ignoring a doublewrite copy of page [page id: space=0, page number=363] with future log sequence number 303690
2025-03-17 18:29:12 0 [Warning] InnoDB: Ignoring a doublewrite copy of page [page id: space=0, page number=225] with future log sequence number 303646
2025-03-17 18:29:12 0 [Warning] InnoDB: Ignoring a doublewrite copy of page [page id: space=0, page number=362] with future log sequence number 303646
2025-03-17 18:29:12 0 [Warning] InnoDB: Ignoring a doublewrite copy of page [page id: space=0, page number=224] with future log sequence number 303586
2025-03-17 18:29:12 0 [Warning] InnoDB: Ignoring a doublewrite copy of page [page id: space=0, page number=361] with future log sequence number 303586
2025-03-17 18:29:12 0 [Warning] InnoDB: Ignoring a doublewrite copy of page [page id: space=0, page number=223] with future log sequence number 303542
2025-03-17 18:29:12 0 [Warning] InnoDB: Ignoring a doublewrite copy of page [page id: space=0, page number=360] with future log sequence number 303542
2025-03-17 18:29:12 0 [Warning] InnoDB: Ignoring a doublewrite copy of page [page id: space=0, page number=222] with future log sequence number 303498
2025-03-17 18:29:12 0 [Warning] InnoDB: Ignoring a doublewrite copy of page [page id: space=0, page number=359] with future log sequence number 303498
2025-03-17 18:29:12 0 [Warning] InnoDB: Ignoring a doublewrite copy of page [page id: space=0, page number=221] with future log sequence number 303454
2025-03-17 18:29:12 0 [Warning] InnoDB: Ignoring a doublewrite copy of page [page id: space=0, page number=358] with future log sequence number 303454
2025-03-17 18:29:12 0 [Warning] InnoDB: Ignoring a doublewrite copy of page [page id: space=0, page number=220] with future log sequence number 303410
2025-03-17 18:29:12 0 [Warning] InnoDB: Ignoring a doublewrite copy of page [page id: space=0, page number=357] with future log sequence number 303410
2025-03-17 18:29:12 0 [Warning] InnoDB: Ignoring a doublewrite copy of page [page id: space=0, page number=219] with future log sequence number 303366
2025-03-17 18:29:12 0 [Warning] InnoDB: Ignoring a doublewrite copy of page [page id: space=0, page number=356] with future log sequence number 303366
2025-03-17 18:29:12 0 [Warning] InnoDB: Ignoring a doublewrite copy of page [page id: space=0, page number=218] with future log sequence number 303322
2025-03-17 18:29:12 0 [Warning] InnoDB: Ignoring a doublewrite copy of page [page id: space=0, page number=355] with future log sequence number 303322
2025-03-17 18:29:12 0 [Warning] InnoDB: Ignoring a doublewrite copy of page [page id: space=0, page number=217] with future log sequence number 303278
2025-03-17 18:29:12 0 [Warning] InnoDB: Ignoring a doublewrite copy of page [page id: space=0, page number=354] with future log sequence number 303278
2025-03-17 18:29:12 0 [Warning] InnoDB: Ignoring a doublewrite copy of page [page id: space=0, page number=216] with future log sequence number 303234
2025-03-17 18:29:12 0 [Warning] InnoDB: Ignoring a doublewrite copy of page [page id: space=0, page number=353] with future log sequence number 303234
2025-03-17 18:29:12 0 [Warning] InnoDB: Ignoring a doublewrite copy of page [page id: space=0, page number=215] with future log sequence number 303190
2025-03-17 18:29:12 0 [Warning] InnoDB: Ignoring a doublewrite copy of page [page id: space=0, page number=352] with future log sequence number 303190
2025-03-17 18:29:12 0 [Warning] InnoDB: Ignoring a doublewrite copy of page [page id: space=0, page number=214] with future log sequence number 303146
2025-03-17 18:29:12 0 [Warning] InnoDB: Ignoring a doublewrite copy of page [page id: space=0, page number=351] with future log sequence number 303146
2025-03-17 18:29:12 0 [Warning] InnoDB: Ignoring a doublewrite copy of page [page id: space=0, page number=213] with future log sequence number 303086
2025-03-17 18:29:12 0 [Warning] InnoDB: Ignoring a doublewrite copy of page [page id: space=0, page number=350] with future log sequence number 303086
2025-03-17 18:29:12 0 [Warning] InnoDB: Ignoring a doublewrite copy of page [page id: space=0, page number=212] with future log sequence number 303042
2025-03-17 18:29:12 0 [Warning] InnoDB: Ignoring a doublewrite copy of page [page id: space=0, page number=349] with future log sequence number 303042
2025-03-17 18:29:12 0 [Warning] InnoDB: Ignoring a doublewrite copy of page [page id: space=0, page number=211] with future log sequence number 302998
2025-03-17 18:29:12 0 [Warning] InnoDB: Ignoring a doublewrite copy of page [page id: space=0, page number=348] with future log sequence number 302998
2025-03-17 18:29:12 0 [Warning] InnoDB: Ignoring a doublewrite copy of page [page id: space=0, page number=210] with future log sequence number 302954
2025-03-17 18:29:12 0 [Warning] InnoDB: Ignoring a doublewrite copy of page [page id: space=0, page number=347] with future log sequence number 302954
2025-03-17 18:29:12 0 [Warning] InnoDB: Ignoring a doublewrite copy of page [page id: space=0, page number=209] with future log sequence number 302910
2025-03-17 18:29:12 0 [Warning] InnoDB: Ignoring a doublewrite copy of page [page id: space=0, page number=346] with future log sequence number 302910
2025-03-17 18:29:12 0 [Warning] InnoDB: Ignoring a doublewrite copy of page [page id: space=0, page number=208] with future log sequence number 302866
2025-03-17 18:29:12 0 [Warning] InnoDB: Ignoring a doublewrite copy of page [page id: space=0, page number=345] with future log sequence number 302866
2025-03-17 18:29:12 0 [Warning] InnoDB: Ignoring a doublewrite copy of page [page id: space=0, page number=207] with future log sequence number 302822
2025-03-17 18:29:12 0 [Warning] InnoDB: Ignoring a doublewrite copy of page [page id: space=0, page number=344] with future log sequence number 302822
2025-03-17 18:29:12 0 [Warning] InnoDB: Ignoring a doublewrite copy of page [page id: space=0, page number=206] with future log sequence number 302778
2025-03-17 18:29:12 0 [Warning] InnoDB: Ignoring a doublewrite copy of page [page id: space=0, page number=343] with future log sequence number 302778
2025-03-17 18:29:12 0 [Warning] InnoDB: Ignoring a doublewrite copy of page [page id: space=0, page number=205] with future log sequence number 302734
2025-03-17 18:29:12 0 [Warning] InnoDB: Ignoring a doublewrite copy of page [page id: space=0, page number=342] with future log sequence number 302734
2025-03-17 18:29:12 0 [Warning] InnoDB: Ignoring a doublewrite copy of page [page id: space=0, page number=204] with future log sequence number 302690
2025-03-17 18:29:12 0 [Warning] InnoDB: Ignoring a doublewrite copy of page [page id: space=0, page number=341] with future log sequence number 302690
2025-03-17 18:29:12 0 [Warning] InnoDB: Ignoring a doublewrite copy of page [page id: space=0, page number=203] with future log sequence number 302646
2025-03-17 18:29:12 0 [Warning] InnoDB: Ignoring a doublewrite copy of page [page id: space=0, page number=340] with future log sequence number 302646
2025-03-17 18:29:12 0 [Warning] InnoDB: Ignoring a doublewrite copy of page [page id: space=0, page number=202] with future log sequence number 302586
2025-03-17 18:29:12 0 [Warning] InnoDB: Ignoring a doublewrite copy of page [page id: space=0, page number=339] with future log sequence number 302586
2025-03-17 18:29:12 0 [Warning] InnoDB: Ignoring a doublewrite copy of page [page id: space=0, page number=201] with future log sequence number 302542
2025-03-17 18:29:12 0 [Warning] InnoDB: Ignoring a doublewrite copy of page [page id: space=0, page number=338] with future log sequence number 302542
2025-03-17 18:29:12 0 [Warning] InnoDB: Ignoring a doublewrite copy of page [page id: space=0, page number=200] with future log sequence number 302498
2025-03-17 18:29:12 0 [Warning] InnoDB: Ignoring a doublewrite copy of page [page id: space=0, page number=337] with future log sequence number 302498
2025-03-17 18:29:12 0 [Warning] InnoDB: Ignoring a doublewrite copy of page [page id: space=0, page number=199] with future log sequence number 302454
2025-03-17 18:29:12 0 [Warning] InnoDB: Ignoring a doublewrite copy of page [page id: space=0, page number=336] with future log sequence number 302454
2025-03-17 18:29:12 0 [Warning] InnoDB: Ignoring a doublewrite copy of page [page id: space=0, page number=198] with future log sequence number 302410
2025-03-17 18:29:12 0 [Warning] InnoDB: Ignoring a doublewrite copy of page [page id: space=0, page number=335] with future log sequence number 302410
2025-03-17 18:29:12 0 [Warning] InnoDB: Ignoring a doublewrite copy of page [page id: space=0, page number=197] with future log sequence number 302366
2025-03-17 18:29:12 0 [Warning] InnoDB: Ignoring a doublewrite copy of page [page id: space=0, page number=334] with future log sequence number 302366
2025-03-17 18:29:12 0 [Warning] InnoDB: Ignoring a doublewrite copy of page [page id: space=0, page number=196] with future log sequence number 302322
2025-03-17 18:29:12 0 [Warning] InnoDB: Ignoring a doublewrite copy of page [page id: space=0, page number=333] with future log sequence number 302322
2025-03-17 18:29:12 0 [Warning] InnoDB: Ignoring a doublewrite copy of page [page id: space=0, page number=195] with future log sequence number 302278
2025-03-17 18:29:12 0 [Warning] InnoDB: Ignoring a doublewrite copy of page [page id: space=0, page number=199] with future log sequence number 307171
2025-03-17 18:29:12 0 [Warning] InnoDB: Ignoring a doublewrite copy of page [page id: space=9, page number=3] with future log sequence number 307191
2025-03-17 18:29:12 0 [Warning] InnoDB: Ignoring a doublewrite copy of page [page id: space=0, page number=336] with future log sequence number 307171
2025-03-17 18:29:12 0 [Warning] InnoDB: Ignoring a doublewrite copy of page [page id: space=0, page number=197] with future log sequence number 306652
2025-03-17 18:29:12 0 [Warning] InnoDB: Ignoring a doublewrite copy of page [page id: space=2, page number=3] with future log sequence number 306930
2025-03-17 18:29:12 0 [Warning] InnoDB: Ignoring a doublewrite copy of page [page id: space=0, page number=334] with future log sequence number 306652
2025-03-17 18:29:12 0 [Warning] InnoDB: Ignoring a doublewrite copy of page [page id: space=0, page number=196] with future log sequence number 306017
2025-03-17 18:29:12 0 [Warning] InnoDB: Ignoring a doublewrite copy of page [page id: space=1, page number=3] with future log sequence number 306890
2025-03-17 18:29:12 0 [Warning] InnoDB: Ignoring a doublewrite copy of page [page id: space=0, page number=333] with future log sequence number 306017
2025-03-17 18:29:12 0 [Warning] InnoDB: Ignoring a doublewrite copy of page [page id: space=0, page number=195] with future log sequence number 305764
2025-03-17 18:29:12 0 [Warning] InnoDB: Ignoring a doublewrite copy of page [page id: space=24, page number=3] with future log sequence number 305688
2025-03-17 18:29:12 0 [Warning] InnoDB: Ignoring a doublewrite copy of page [page id: space=24, page number=2] with future log sequence number 305688
2025-03-17 18:29:12 0 [Warning] InnoDB: Ignoring a doublewrite copy of page [page id: space=0, page number=12] with future log sequence number 306672
2025-03-17 18:29:12 0 [Warning] InnoDB: Ignoring a doublewrite copy of page [page id: space=0, page number=11] with future log sequence number 306936
2025-03-17 18:29:12 0 [Warning] InnoDB: Ignoring a doublewrite copy of page [page id: space=0, page number=7] with future log sequence number 305140
2025-03-17 18:29:12 0 [Warning] InnoDB: Ignoring a doublewrite copy of page [page id: space=0, page number=308] with future log sequence number 306730
2025-03-17 18:29:12 0 [Warning] InnoDB: Ignoring a doublewrite copy of page [page id: space=0, page number=307] with future log sequence number 306709
2025-03-17 18:29:12 0 [Warning] InnoDB: Ignoring a doublewrite copy of page [page id: space=0, page number=10] with future log sequence number 306850
2025-03-17 18:29:12 0 [Warning] InnoDB: Ignoring a doublewrite copy of page [page id: space=0, page number=9] with future log sequence number 304609
2025-03-17 18:29:12 0 [Warning] InnoDB: Ignoring a doublewrite copy of page [page id: space=0, page number=8] with future log sequence number 306770
2025-03-17 18:29:12 0 [Warning] InnoDB: Ignoring a doublewrite copy of page [page id: space=0, page number=332] with future log sequence number 305764
2025-03-17 18:29:12 0 [Warning] InnoDB: Ignoring a doublewrite copy of page [page id: space=24, page number=1] with future log sequence number 304410
2025-03-17 18:29:12 0 [ERROR] InnoDB: Page [page id: space=0, page number=7] log sequence number 305140 is in the future! Current system log sequence number 300324.
2025-03-17 18:29:12 0 [ERROR] InnoDB: Your database may be corrupt or you may have copied the InnoDB tablespace but not the InnoDB log files. Please refer to https://mariadb.com/kb/en/library/innodb-recovery-modes/ for information about forcing recovery.
2025-03-17 18:29:12 0 [ERROR] InnoDB: Page [page id: space=0, page number=11] log sequence number 306936 is in the future! Current system log sequence number 300324.
2025-03-17 18:29:12 0 [ERROR] InnoDB: Your database may be corrupt or you may have copied the InnoDB tablespace but not the InnoDB log files. Please refer to https://mariadb.com/kb/en/library/innodb-recovery-modes/ for information about forcing recovery.
2025-03-17 18:29:12 0 [ERROR] InnoDB: Page [page id: space=0, page number=6] log sequence number 300956 is in the future! Current system log sequence number 300324.
2025-03-17 18:29:12 0 [ERROR] InnoDB: Your database may be corrupt or you may have copied the InnoDB tablespace but not the InnoDB log files. Please refer to https://mariadb.com/kb/en/library/innodb-recovery-modes/ for information about forcing recovery.
2025-03-17 18:29:12 0 [ERROR] InnoDB: Page [page id: space=0, page number=301] log sequence number 300956 is in the future! Current system log sequence number 300324.
2025-03-17 18:29:12 0 [ERROR] InnoDB: Your database may be corrupt or you may have copied the InnoDB tablespace but not the InnoDB log files. Please refer to https://mariadb.com/kb/en/library/innodb-recovery-modes/ for information about forcing recovery.
2025-03-17 18:29:12 0 [ERROR] InnoDB: Page [page id: space=0, page number=45] log sequence number 300995 is in the future! Current system log sequence number 300324.
2025-03-17 18:29:12 0 [ERROR] InnoDB: Your database may be corrupt or you may have copied the InnoDB tablespace but not the InnoDB log files. Please refer to https://mariadb.com/kb/en/library/innodb-recovery-modes/ for information about forcing recovery.
2025-03-17 18:29:12 0 [ERROR] InnoDB: Page [page id: space=0, page number=306] log sequence number 300995 is in the future! Current system log sequence number 300324.
2025-03-17 18:29:12 0 [ERROR] InnoDB: Your database may be corrupt or you may have copied the InnoDB tablespace but not the InnoDB log files. Please refer to https://mariadb.com/kb/en/library/innodb-recovery-modes/ for information about forcing recovery.
2025-03-17 18:29:12 0 [ERROR] InnoDB: Page [page id: space=0, page number=46] log sequence number 301034 is in the future! Current system log sequence number 300324.
2025-03-17 18:29:12 0 [ERROR] InnoDB: Your database may be corrupt or you may have copied the InnoDB tablespace but not the InnoDB log files. Please refer to https://mariadb.com/kb/en/library/innodb-recovery-modes/ for information about forcing recovery.
2025-03-17 18:29:12 0 [ERROR] InnoDB: Page [page id: space=0, page number=309] log sequence number 301034 is in the future! Current system log sequence number 300324.
2025-03-17 18:29:12 0 [ERROR] InnoDB: Your database may be corrupt or you may have copied the InnoDB tablespace but not the InnoDB log files. Please refer to https://mariadb.com/kb/en/library/innodb-recovery-modes/ for information about forcing recovery.
2025-03-17 18:29:12 0 [ERROR] InnoDB: Page [page id: space=0, page number=47] log sequence number 301128 is in the future! Current system log sequence number 300324.
2025-03-17 18:29:12 0 [ERROR] InnoDB: Your database may be corrupt or you may have copied the InnoDB tablespace but not the InnoDB log files. Please refer to https://mariadb.com/kb/en/library/innodb-recovery-modes/ for information about forcing recovery.
2025-03-17 18:29:12 0 [ERROR] InnoDB: Page [page id: space=0, page number=311] log sequence number 301128 is in the future! Current system log sequence number 300324.
2025-03-17 18:29:12 0 [ERROR] InnoDB: Your database may be corrupt or you may have copied the InnoDB tablespace but not the InnoDB log files. Please refer to https://mariadb.com/kb/en/library/innodb-recovery-modes/ for information about forcing recovery.
2025-03-17 18:29:12 0 [ERROR] InnoDB: Page [page id: space=0, page number=48] log sequence number 301206 is in the future! Current system log sequence number 300324.
2025-03-17 18:29:12 0 [ERROR] InnoDB: Your database may be corrupt or you may have copied the InnoDB tablespace but not the InnoDB log files. Please refer to https://mariadb.com/kb/en/library/innodb-recovery-modes/ for information about forcing recovery.
2025-03-17 18:29:12 0 [ERROR] InnoDB: Page [page id: space=0, page number=312] log sequence number 301206 is in the future! Current system log sequence number 300324.
2025-03-17 18:29:12 0 [ERROR] InnoDB: Your database may be corrupt or you may have copied the InnoDB tablespace but not the InnoDB log files. Please refer to https://mariadb.com/kb/en/library/innodb-recovery-modes/ for information about forcing recovery.
2025-03-17 18:29:12 0 [ERROR] InnoDB: Page [page id: space=0, page number=49] log sequence number 301284 is in the future! Current system log sequence number 300324.
2025-03-17 18:29:12 0 [ERROR] InnoDB: Your database may be corrupt or you may have copied the InnoDB tablespace but not the InnoDB log files. Please refer to https://mariadb.com/kb/en/library/innodb-recovery-modes/ for information about forcing recovery.
2025-03-17 18:29:12 0 [ERROR] InnoDB: Page [page id: space=0, page number=313] log sequence number 301284 is in the future! Current system log sequence number 300324.
2025-03-17 18:29:12 0 [ERROR] InnoDB: Your database may be corrupt or you may have copied the InnoDB tablespace but not the InnoDB log files. Please refer to https://mariadb.com/kb/en/library/innodb-recovery-modes/ for information about forcing recovery.
2025-03-17 18:29:12 0 [ERROR] InnoDB: Page [page id: space=0, page number=50] log sequence number 301401 is in the future! Current system log sequence number 300324.
2025-03-17 18:29:12 0 [ERROR] InnoDB: Your database may be corrupt or you may have copied the InnoDB tablespace but not the InnoDB log files. Please refer to https://mariadb.com/kb/en/library/innodb-recovery-modes/ for information about forcing recovery.
2025-03-17 18:29:12 0 [ERROR] InnoDB: Page [page id: space=0, page number=314] log sequence number 301401 is in the future! Current system log sequence number 300324.
2025-03-17 18:29:12 0 [ERROR] InnoDB: Your database may be corrupt or you may have copied the InnoDB tablespace but not the InnoDB log files. Please refer to https://mariadb.com/kb/en/library/innodb-recovery-modes/ for information about forcing recovery.
2025-03-17 18:29:12 0 [ERROR] InnoDB: Page [page id: space=0, page number=51] log sequence number 301479 is in the future! Current system log sequence number 300324.
2025-03-17 18:29:12 0 [ERROR] InnoDB: Your database may be corrupt or you may have copied the InnoDB tablespace but not the InnoDB log files. Please refer to https://mariadb.com/kb/en/library/innodb-recovery-modes/ for information about forcing recovery.
2025-03-17 18:29:12 0 [ERROR] InnoDB: Page [page id: space=0, page number=315] log sequence number 301479 is in the future! Current system log sequence number 300324.
2025-03-17 18:29:12 0 [ERROR] InnoDB: Your database may be corrupt or you may have copied the InnoDB tablespace but not the InnoDB log files. Please refer to https://mariadb.com/kb/en/library/innodb-recovery-modes/ for information about forcing recovery.
2025-03-17 18:29:12 0 [ERROR] InnoDB: Page [page id: space=0, page number=52] log sequence number 301557 is in the future! Current system log sequence number 300324.
2025-03-17 18:29:12 0 [ERROR] InnoDB: Your database may be corrupt or you may have copied the InnoDB tablespace but not the InnoDB log files. Please refer to https://mariadb.com/kb/en/library/innodb-recovery-modes/ for information about forcing recovery.
2025-03-17 18:29:12 0 [ERROR] InnoDB: Page [page id: space=0, page number=316] log sequence number 301557 is in the future! Current system log sequence number 300324.
2025-03-17 18:29:12 0 [ERROR] InnoDB: Your database may be corrupt or you may have copied the InnoDB tablespace but not the InnoDB log files. Please refer to https://mariadb.com/kb/en/library/innodb-recovery-modes/ for information about forcing recovery.
2025-03-17 18:29:12 0 [ERROR] InnoDB: Page [page id: space=0, page number=53] log sequence number 301612 is in the future! Current system log sequence number 300324.
2025-03-17 18:29:12 0 [ERROR] InnoDB: Your database may be corrupt or you may have copied the InnoDB tablespace but not the InnoDB log files. Please refer to https://mariadb.com/kb/en/library/innodb-recovery-modes/ for information about forcing recovery.
2025-03-17 18:29:12 0 [ERROR] InnoDB: Page [page id: space=0, page number=317] log sequence number 301612 is in the future! Current system log sequence number 300324.
2025-03-17 18:29:12 0 [ERROR] InnoDB: Your database may be corrupt or you may have copied the InnoDB tablespace but not the InnoDB log files. Please refer to https://mariadb.com/kb/en/library/innodb-recovery-modes/ for information about forcing recovery.
2025-03-17 18:29:12 0 [ERROR] InnoDB: Page [page id: space=0, page number=54] log sequence number 301651 is in the future! Current system log sequence number 300324.
2025-03-17 18:29:12 0 [ERROR] InnoDB: Your database may be corrupt or you may have copied the InnoDB tablespace but not the InnoDB log files. Please refer to https://mariadb.com/kb/en/library/innodb-recovery-modes/ for information about forcing recovery.
2025-03-17 18:29:12 0 [ERROR] InnoDB: Page [page id: space=0, page number=318] log sequence number 301651 is in the future! Current system log sequence number 300324.
2025-03-17 18:29:12 0 [ERROR] InnoDB: Your database may be corrupt or you may have copied the InnoDB tablespace but not the InnoDB log files. Please refer to https://mariadb.com/kb/en/library/innodb-recovery-modes/ for information about forcing recovery.
2025-03-17 18:29:12 0 [ERROR] InnoDB: Page [page id: space=0, page number=55] log sequence number 301690 is in the future! Current system log sequence number 300324.
2025-03-17 18:29:12 0 [ERROR] InnoDB: Your database may be corrupt or you may have copied the InnoDB tablespace but not the InnoDB log files. Please refer to https://mariadb.com/kb/en/library/innodb-recovery-modes/ for information about forcing recovery.
2025-03-17 18:29:12 0 [ERROR] InnoDB: Page [page id: space=0, page number=319] log sequence number 301690 is in the future! Current system log sequence number 300324.
2025-03-17 18:29:12 0 [ERROR] InnoDB: Your database may be corrupt or you may have copied the InnoDB tablespace but not the InnoDB log files. Please refer to https://mariadb.com/kb/en/library/innodb-recovery-modes/ for information about forcing recovery.
2025-03-17 18:29:12 0 [ERROR] InnoDB: Page [page id: space=0, page number=56] log sequence number 301729 is in the future! Current system log sequence number 300324.
2025-03-17 18:29:12 0 [ERROR] InnoDB: Your database may be corrupt or you may have copied the InnoDB tablespace but not the InnoDB log files. Please refer to https://mariadb.com/kb/en/library/innodb-recovery-modes/ for information about forcing recovery.
2025-03-17 18:29:12 0 [ERROR] InnoDB: Page [page id: space=0, page number=320] log sequence number 301729 is in the future! Current system log sequence number 300324.
2025-03-17 18:29:12 0 [ERROR] InnoDB: Your database may be corrupt or you may have copied the InnoDB tablespace but not the InnoDB log files. Please refer to https://mariadb.com/kb/en/library/innodb-recovery-modes/ for information about forcing recovery.
2025-03-17 18:29:12 0 [ERROR] InnoDB: Page [page id: space=0, page number=57] log sequence number 301768 is in the future! Current system log sequence number 300324.
2025-03-17 18:29:12 0 [ERROR] InnoDB: Your database may be corrupt or you may have copied the InnoDB tablespace but not the InnoDB log files. Please refer to https://mariadb.com/kb/en/library/innodb-recovery-modes/ for information about forcing recovery.
2025-03-17 18:29:12 0 [ERROR] InnoDB: Page [page id: space=0, page number=321] log sequence number 301768 is in the future! Current system log sequence number 300324.
2025-03-17 18:29:12 0 [ERROR] InnoDB: Your database may be corrupt or you may have copied the InnoDB tablespace but not the InnoDB log files. Please refer to https://mariadb.com/kb/en/library/innodb-recovery-modes/ for information about forcing recovery.
2025-03-17 18:29:12 0 [ERROR] InnoDB: Page [page id: space=0, page number=58] log sequence number 301807 is in the future! Current system log sequence number 300324.
2025-03-17 18:29:12 0 [ERROR] InnoDB: Your database may be corrupt or you may have copied the InnoDB tablespace but not the InnoDB log files. Please refer to https://mariadb.com/kb/en/library/innodb-recovery-modes/ for information about forcing recovery.
2025-03-17 18:29:12 0 [ERROR] InnoDB: Page [page id: space=0, page number=323] log sequence number 301807 is in the future! Current system log sequence number 300324.
2025-03-17 18:29:12 0 [ERROR] InnoDB: Your database may be corrupt or you may have copied the InnoDB tablespace but not the InnoDB log files. Please refer to https://mariadb.com/kb/en/library/innodb-recovery-modes/ for information about forcing recovery.
2025-03-17 18:29:13 0 [ERROR] InnoDB: Page [page id: space=0, page number=59] log sequence number 301846 is in the future! Current system log sequence number 300324.
2025-03-17 18:29:13 0 [ERROR] InnoDB: Your database may be corrupt or you may have copied the InnoDB tablespace but not the InnoDB log files. Please refer to https://mariadb.com/kb/en/library/innodb-recovery-modes/ for information about forcing recovery.
2025-03-17 18:29:13 0 [ERROR] InnoDB: Page [page id: space=0, page number=324] log sequence number 301846 is in the future! Current system log sequence number 300324.
2025-03-17 18:29:13 0 [ERROR] InnoDB: Your database may be corrupt or you may have copied the InnoDB tablespace but not the InnoDB log files. Please refer to https://mariadb.com/kb/en/library/innodb-recovery-modes/ for information about forcing recovery.
2025-03-17 18:29:13 0 [ERROR] InnoDB: Page [page id: space=0, page number=60] log sequence number 301885 is in the future! Current system log sequence number 300324.
2025-03-17 18:29:13 0 [ERROR] InnoDB: Your database may be corrupt or you may have copied the InnoDB tablespace but not the InnoDB log files. Please refer to https://mariadb.com/kb/en/library/innodb-recovery-modes/ for information about forcing recovery.
2025-03-17 18:29:13 0 [ERROR] InnoDB: Page [page id: space=0, page number=325] log sequence number 301885 is in the future! Current system log sequence number 300324.
2025-03-17 18:29:13 0 [ERROR] InnoDB: Your database may be corrupt or you may have copied the InnoDB tablespace but not the InnoDB log files. Please refer to https://mariadb.com/kb/en/library/innodb-recovery-modes/ for information about forcing recovery.
2025-03-17 18:29:13 0 [ERROR] InnoDB: Page [page id: space=0, page number=61] log sequence number 301924 is in the future! Current system log sequence number 300324.
2025-03-17 18:29:13 0 [ERROR] InnoDB: Your database may be corrupt or you may have copied the InnoDB tablespace but not the InnoDB log files. Please refer to https://mariadb.com/kb/en/library/innodb-recovery-modes/ for information about forcing recovery.
2025-03-17 18:29:13 0 [ERROR] InnoDB: Page [page id: space=0, page number=326] log sequence number 301924 is in the future! Current system log sequence number 300324.
2025-03-17 18:29:13 0 [ERROR] InnoDB: Your database may be corrupt or you may have copied the InnoDB tablespace but not the InnoDB log files. Please refer to https://mariadb.com/kb/en/library/innodb-recovery-modes/ for information about forcing recovery.
2025-03-17 18:29:13 0 [ERROR] InnoDB: Page [page id: space=0, page number=62] log sequence number 301963 is in the future! Current system log sequence number 300324.
2025-03-17 18:29:13 0 [ERROR] InnoDB: Your database may be corrupt or you may have copied the InnoDB tablespace but not the InnoDB log files. Please refer to https://mariadb.com/kb/en/library/innodb-recovery-modes/ for information about forcing recovery.
2025-03-17 18:29:13 0 [ERROR] InnoDB: Page [page id: space=0, page number=327] log sequence number 301963 is in the future! Current system log sequence number 300324.
2025-03-17 18:29:13 0 [ERROR] InnoDB: Your database may be corrupt or you may have copied the InnoDB tablespace but not the InnoDB log files. Please refer to https://mariadb.com/kb/en/library/innodb-recovery-modes/ for information about forcing recovery.
2025-03-17 18:29:13 0 [ERROR] InnoDB: Page [page id: space=0, page number=63] log sequence number 302002 is in the future! Current system log sequence number 300324.
2025-03-17 18:29:13 0 [ERROR] InnoDB: Your database may be corrupt or you may have copied the InnoDB tablespace but not the InnoDB log files. Please refer to https://mariadb.com/kb/en/library/innodb-recovery-modes/ for information about forcing recovery.
2025-03-17 18:29:13 0 [ERROR] InnoDB: Page [page id: space=0, page number=328] log sequence number 302002 is in the future! Current system log sequence number 300324.
2025-03-17 18:29:13 0 [ERROR] InnoDB: Your database may be corrupt or you may have copied the InnoDB tablespace but not the InnoDB log files. Please refer to https://mariadb.com/kb/en/library/innodb-recovery-modes/ for information about forcing recovery.
2025-03-17 18:29:13 0 [ERROR] InnoDB: Page [page id: space=0, page number=192] log sequence number 302046 is in the future! Current system log sequence number 300324.
2025-03-17 18:29:13 0 [ERROR] InnoDB: Your database may be corrupt or you may have copied the InnoDB tablespace but not the InnoDB log files. Please refer to https://mariadb.com/kb/en/library/innodb-recovery-modes/ for information about forcing recovery.
2025-03-17 18:29:13 0 [ERROR] InnoDB: Page [page id: space=0, page number=329] log sequence number 302046 is in the future! Current system log sequence number 300324.
2025-03-17 18:29:13 0 [ERROR] InnoDB: Your database may be corrupt or you may have copied the InnoDB tablespace but not the InnoDB log files. Please refer to https://mariadb.com/kb/en/library/innodb-recovery-modes/ for information about forcing recovery.
2025-03-17 18:29:13 0 [ERROR] InnoDB: Page [page id: space=0, page number=193] log sequence number 302148 is in the future! Current system log sequence number 300324.
2025-03-17 18:29:13 0 [ERROR] InnoDB: Your database may be corrupt or you may have copied the InnoDB tablespace but not the InnoDB log files. Please refer to https://mariadb.com/kb/en/library/innodb-recovery-modes/ for information about forcing recovery.
2025-03-17 18:29:13 0 [ERROR] InnoDB: Page [page id: space=0, page number=330] log sequence number 302148 is in the future! Current system log sequence number 300324.
2025-03-17 18:29:13 0 [ERROR] InnoDB: Your database may be corrupt or you may have copied the InnoDB tablespace but not the InnoDB log files. Please refer to https://mariadb.com/kb/en/library/innodb-recovery-modes/ for information about forcing recovery.
2025-03-17 18:29:13 0 [ERROR] InnoDB: Page [page id: space=0, page number=194] log sequence number 302234 is in the future! Current system log sequence number 300324.
2025-03-17 18:29:13 0 [ERROR] InnoDB: Your database may be corrupt or you may have copied the InnoDB tablespace but not the InnoDB log files. Please refer to https://mariadb.com/kb/en/library/innodb-recovery-modes/ for information about forcing recovery.
2025-03-17 18:29:13 0 [ERROR] InnoDB: Page [page id: space=0, page number=331] log sequence number 302234 is in the future! Current system log sequence number 300324.
2025-03-17 18:29:13 0 [ERROR] InnoDB: Your database may be corrupt or you may have copied the InnoDB tablespace but not the InnoDB log files. Please refer to https://mariadb.com/kb/en/library/innodb-recovery-modes/ for information about forcing recovery.
2025-03-17 18:29:13 0 [ERROR] InnoDB: Page [page id: space=0, page number=195] log sequence number 305764 is in the future! Current system log sequence number 300324.
2025-03-17 18:29:13 0 [ERROR] InnoDB: Your database may be corrupt or you may have copied the InnoDB tablespace but not the InnoDB log files. Please refer to https://mariadb.com/kb/en/library/innodb-recovery-modes/ for information about forcing recovery.
2025-03-17 18:29:13 0 [ERROR] InnoDB: Page [page id: space=0, page number=332] log sequence number 305764 is in the future! Current system log sequence number 300324.
2025-03-17 18:29:13 0 [ERROR] InnoDB: Your database may be corrupt or you may have copied the InnoDB tablespace but not the InnoDB log files. Please refer to https://mariadb.com/kb/en/library/innodb-recovery-modes/ for information about forcing recovery.
2025-03-17 18:29:13 0 [ERROR] InnoDB: Page [page id: space=0, page number=196] log sequence number 306017 is in the future! Current system log sequence number 300324.
2025-03-17 18:29:13 0 [ERROR] InnoDB: Your database may be corrupt or you may have copied the InnoDB tablespace but not the InnoDB log files. Please refer to https://mariadb.com/kb/en/library/innodb-recovery-modes/ for information about forcing recovery.
2025-03-17 18:29:13 0 [ERROR] InnoDB: Page [page id: space=0, page number=333] log sequence number 306017 is in the future! Current system log sequence number 300324.
2025-03-17 18:29:13 0 [ERROR] InnoDB: Your database may be corrupt or you may have copied the InnoDB tablespace but not the InnoDB log files. Please refer to https://mariadb.com/kb/en/library/innodb-recovery-modes/ for information about forcing recovery.
2025-03-17 18:29:13 0 [ERROR] InnoDB: Page [page id: space=0, page number=197] log sequence number 306652 is in the future! Current system log sequence number 300324.
2025-03-17 18:29:13 0 [ERROR] InnoDB: Your database may be corrupt or you may have copied the InnoDB tablespace but not the InnoDB log files. Please refer to https://mariadb.com/kb/en/library/innodb-recovery-modes/ for information about forcing recovery.
2025-03-17 18:29:13 0 [ERROR] InnoDB: Page [page id: space=0, page number=334] log sequence number 306652 is in the future! Current system log sequence number 300324.
2025-03-17 18:29:13 0 [ERROR] InnoDB: Your database may be corrupt or you may have copied the InnoDB tablespace but not the InnoDB log files. Please refer to https://mariadb.com/kb/en/library/innodb-recovery-modes/ for information about forcing recovery.
2025-03-17 18:29:13 0 [ERROR] InnoDB: Page [page id: space=0, page number=198] log sequence number 302410 is in the future! Current system log sequence number 300324.
2025-03-17 18:29:13 0 [ERROR] InnoDB: Your database may be corrupt or you may have copied the InnoDB tablespace but not the InnoDB log files. Please refer to https://mariadb.com/kb/en/library/innodb-recovery-modes/ for information about forcing recovery.
2025-03-17 18:29:13 0 [ERROR] InnoDB: Page [page id: space=0, page number=335] log sequence number 302410 is in the future! Current system log sequence number 300324.
2025-03-17 18:29:13 0 [ERROR] InnoDB: Your database may be corrupt or you may have copied the InnoDB tablespace but not the InnoDB log files. Please refer to https://mariadb.com/kb/en/library/innodb-recovery-modes/ for information about forcing recovery.
2025-03-17 18:29:13 0 [ERROR] InnoDB: Page [page id: space=0, page number=199] log sequence number 307171 is in the future! Current system log sequence number 300324.
2025-03-17 18:29:13 0 [ERROR] InnoDB: Your database may be corrupt or you may have copied the InnoDB tablespace but not the InnoDB log files. Please refer to https://mariadb.com/kb/en/library/innodb-recovery-modes/ for information about forcing recovery.
2025-03-17 18:29:13 0 [ERROR] InnoDB: Page [page id: space=0, page number=336] log sequence number 307171 is in the future! Current system log sequence number 300324.
2025-03-17 18:29:13 0 [ERROR] InnoDB: Your database may be corrupt or you may have copied the InnoDB tablespace but not the InnoDB log files. Please refer to https://mariadb.com/kb/en/library/innodb-recovery-modes/ for information about forcing recovery.
2025-03-17 18:29:13 0 [ERROR] InnoDB: Page [page id: space=0, page number=200] log sequence number 302498 is in the future! Current system log sequence number 300324.
2025-03-17 18:29:13 0 [ERROR] InnoDB: Your database may be corrupt or you may have copied the InnoDB tablespace but not the InnoDB log files. Please refer to https://mariadb.com/kb/en/library/innodb-recovery-modes/ for information about forcing recovery.
2025-03-17 18:29:13 0 [ERROR] InnoDB: Page [page id: space=0, page number=337] log sequence number 302498 is in the future! Current system log sequence number 300324.
2025-03-17 18:29:13 0 [ERROR] InnoDB: Your database may be corrupt or you may have copied the InnoDB tablespace but not the InnoDB log files. Please refer to https://mariadb.com/kb/en/library/innodb-recovery-modes/ for information about forcing recovery.
2025-03-17 18:29:13 0 [ERROR] InnoDB: Page [page id: space=0, page number=201] log sequence number 302542 is in the future! Current system log sequence number 300324.
2025-03-17 18:29:13 0 [ERROR] InnoDB: Your database may be corrupt or you may have copied the InnoDB tablespace but not the InnoDB log files. Please refer to https://mariadb.com/kb/en/library/innodb-recovery-modes/ for information about forcing recovery.
2025-03-17 18:29:13 0 [ERROR] InnoDB: Page [page id: space=0, page number=338] log sequence number 302542 is in the future! Current system log sequence number 300324.
2025-03-17 18:29:13 0 [ERROR] InnoDB: Your database may be corrupt or you may have copied the InnoDB tablespace but not the InnoDB log files. Please refer to https://mariadb.com/kb/en/library/innodb-recovery-modes/ for information about forcing recovery.
2025-03-17 18:29:13 0 [ERROR] InnoDB: Page [page id: space=0, page number=202] log sequence number 302586 is in the future! Current system log sequence number 300324.
2025-03-17 18:29:13 0 [ERROR] InnoDB: Your database may be corrupt or you may have copied the InnoDB tablespace but not the InnoDB log files. Please refer to https://mariadb.com/kb/en/library/innodb-recovery-modes/ for information about forcing recovery.
2025-03-17 18:29:13 0 [ERROR] InnoDB: Page [page id: space=0, page number=339] log sequence number 302586 is in the future! Current system log sequence number 300324.
2025-03-17 18:29:13 0 [ERROR] InnoDB: Your database may be corrupt or you may have copied the InnoDB tablespace but not the InnoDB log files. Please refer to https://mariadb.com/kb/en/library/innodb-recovery-modes/ for information about forcing recovery.
2025-03-17 18:29:13 0 [ERROR] InnoDB: Page [page id: space=0, page number=203] log sequence number 302646 is in the future! Current system log sequence number 300324.
2025-03-17 18:29:13 0 [ERROR] InnoDB: Your database may be corrupt or you may have copied the InnoDB tablespace but not the InnoDB log files. Please refer to https://mariadb.com/kb/en/library/innodb-recovery-modes/ for information about forcing recovery.
2025-03-17 18:29:13 0 [ERROR] InnoDB: Page [page id: space=0, page number=340] log sequence number 302646 is in the future! Current system log sequence number 300324.
2025-03-17 18:29:13 0 [ERROR] InnoDB: Your database may be corrupt or you may have copied the InnoDB tablespace but not the InnoDB log files. Please refer to https://mariadb.com/kb/en/library/innodb-recovery-modes/ for information about forcing recovery.
2025-03-17 18:29:13 0 [ERROR] InnoDB: Page [page id: space=0, page number=204] log sequence number 302690 is in the future! Current system log sequence number 300324.
2025-03-17 18:29:13 0 [ERROR] InnoDB: Your database may be corrupt or you may have copied the InnoDB tablespace but not the InnoDB log files. Please refer to https://mariadb.com/kb/en/library/innodb-recovery-modes/ for information about forcing recovery.
2025-03-17 18:29:13 0 [ERROR] InnoDB: Page [page id: space=0, page number=341] log sequence number 302690 is in the future! Current system log sequence number 300324.
2025-03-17 18:29:13 0 [ERROR] InnoDB: Your database may be corrupt or you may have copied the InnoDB tablespace but not the InnoDB log files. Please refer to https://mariadb.com/kb/en/library/innodb-recovery-modes/ for information about forcing recovery.
2025-03-17 18:29:13 0 [ERROR] InnoDB: Page [page id: space=0, page number=205] log sequence number 302734 is in the future! Current system log sequence number 300324.
2025-03-17 18:29:13 0 [ERROR] InnoDB: Your database may be corrupt or you may have copied the InnoDB tablespace but not the InnoDB log files. Please refer to https://mariadb.com/kb/en/library/innodb-recovery-modes/ for information about forcing recovery.
2025-03-17 18:29:13 0 [ERROR] InnoDB: Page [page id: space=0, page number=342] log sequence number 302734 is in the future! Current system log sequence number 300324.
2025-03-17 18:29:13 0 [ERROR] InnoDB: Your database may be corrupt or you may have copied the InnoDB tablespace but not the InnoDB log files. Please refer to https://mariadb.com/kb/en/library/innodb-recovery-modes/ for information about forcing recovery.
2025-03-17 18:29:13 0 [ERROR] InnoDB: Page [page id: space=0, page number=206] log sequence number 302778 is in the future! Current system log sequence number 300324.
2025-03-17 18:29:13 0 [ERROR] InnoDB: Your database may be corrupt or you may have copied the InnoDB tablespace but not the InnoDB log files. Please refer to https://mariadb.com/kb/en/library/innodb-recovery-modes/ for information about forcing recovery.
2025-03-17 18:29:13 0 [ERROR] InnoDB: Page [page id: space=0, page number=343] log sequence number 302778 is in the future! Current system log sequence number 300324.
2025-03-17 18:29:13 0 [ERROR] InnoDB: Your database may be corrupt or you may have copied the InnoDB tablespace but not the InnoDB log files. Please refer to https://mariadb.com/kb/en/library/innodb-recovery-modes/ for information about forcing recovery.
2025-03-17 18:29:13 0 [ERROR] InnoDB: Page [page id: space=0, page number=207] log sequence number 302822 is in the future! Current system log sequence number 300324.
2025-03-17 18:29:13 0 [ERROR] InnoDB: Your database may be corrupt or you may have copied the InnoDB tablespace but not the InnoDB log files. Please refer to https://mariadb.com/kb/en/library/innodb-recovery-modes/ for information about forcing recovery.
2025-03-17 18:29:13 0 [ERROR] InnoDB: Page [page id: space=0, page number=344] log sequence number 302822 is in the future! Current system log sequence number 300324.
2025-03-17 18:29:13 0 [ERROR] InnoDB: Your database may be corrupt or you may have copied the InnoDB tablespace but not the InnoDB log files. Please refer to https://mariadb.com/kb/en/library/innodb-recovery-modes/ for information about forcing recovery.
2025-03-17 18:29:13 0 [ERROR] InnoDB: Page [page id: space=0, page number=208] log sequence number 302866 is in the future! Current system log sequence number 300324.
2025-03-17 18:29:13 0 [ERROR] InnoDB: Your database may be corrupt or you may have copied the InnoDB tablespace but not the InnoDB log files. Please refer to https://mariadb.com/kb/en/library/innodb-recovery-modes/ for information about forcing recovery.
2025-03-17 18:29:13 0 [ERROR] InnoDB: Page [page id: space=0, page number=345] log sequence number 302866 is in the future! Current system log sequence number 300324.
2025-03-17 18:29:13 0 [ERROR] InnoDB: Your database may be corrupt or you may have copied the InnoDB tablespace but not the InnoDB log files. Please refer to https://mariadb.com/kb/en/library/innodb-recovery-modes/ for information about forcing recovery.
2025-03-17 18:29:13 0 [ERROR] InnoDB: Page [page id: space=0, page number=209] log sequence number 302910 is in the future! Current system log sequence number 300324.
2025-03-17 18:29:13 0 [ERROR] InnoDB: Your database may be corrupt or you may have copied the InnoDB tablespace but not the InnoDB log files. Please refer to https://mariadb.com/kb/en/library/innodb-recovery-modes/ for information about forcing recovery.
2025-03-17 18:29:13 0 [ERROR] InnoDB: Page [page id: space=0, page number=346] log sequence number 302910 is in the future! Current system log sequence number 300324.
2025-03-17 18:29:13 0 [ERROR] InnoDB: Your database may be corrupt or you may have copied the InnoDB tablespace but not the InnoDB log files. Please refer to https://mariadb.com/kb/en/library/innodb-recovery-modes/ for information about forcing recovery.
2025-03-17 18:29:13 0 [ERROR] InnoDB: Page [page id: space=0, page number=210] log sequence number 302954 is in the future! Current system log sequence number 300324.
2025-03-17 18:29:13 0 [ERROR] InnoDB: Your database may be corrupt or you may have copied the InnoDB tablespace but not the InnoDB log files. Please refer to https://mariadb.com/kb/en/library/innodb-recovery-modes/ for information about forcing recovery.
2025-03-17 18:29:13 0 [ERROR] InnoDB: Page [page id: space=0, page number=347] log sequence number 302954 is in the future! Current system log sequence number 300324.
2025-03-17 18:29:13 0 [ERROR] InnoDB: Your database may be corrupt or you may have copied the InnoDB tablespace but not the InnoDB log files. Please refer to https://mariadb.com/kb/en/library/innodb-recovery-modes/ for information about forcing recovery.
2025-03-17 18:29:13 0 [ERROR] InnoDB: Page [page id: space=0, page number=211] log sequence number 302998 is in the future! Current system log sequence number 300324.
2025-03-17 18:29:13 0 [ERROR] InnoDB: Your database may be corrupt or you may have copied the InnoDB tablespace but not the InnoDB log files. Please refer to https://mariadb.com/kb/en/library/innodb-recovery-modes/ for information about forcing recovery.
2025-03-17 18:29:13 0 [ERROR] InnoDB: Page [page id: space=0, page number=348] log sequence number 302998 is in the future! Current system log sequence number 300324.
2025-03-17 18:29:13 0 [ERROR] InnoDB: Your database may be corrupt or you may have copied the InnoDB tablespace but not the InnoDB log files. Please refer to https://mariadb.com/kb/en/library/innodb-recovery-modes/ for information about forcing recovery.
2025-03-17 18:29:13 0 [ERROR] InnoDB: Page [page id: space=0, page number=212] log sequence number 303042 is in the future! Current system log sequence number 300324.
2025-03-17 18:29:13 0 [ERROR] InnoDB: Your database may be corrupt or you may have copied the InnoDB tablespace but not the InnoDB log files. Please refer to https://mariadb.com/kb/en/library/innodb-recovery-modes/ for information about forcing recovery.
2025-03-17 18:29:13 0 [ERROR] InnoDB: Page [page id: space=0, page number=349] log sequence number 303042 is in the future! Current system log sequence number 300324.
2025-03-17 18:29:13 0 [ERROR] InnoDB: Your database may be corrupt or you may have copied the InnoDB tablespace but not the InnoDB log files. Please refer to https://mariadb.com/kb/en/library/innodb-recovery-modes/ for information about forcing recovery.
2025-03-17 18:29:13 0 [ERROR] InnoDB: Page [page id: space=0, page number=213] log sequence number 303086 is in the future! Current system log sequence number 300324.
2025-03-17 18:29:13 0 [ERROR] InnoDB: Your database may be corrupt or you may have copied the InnoDB tablespace but not the InnoDB log files. Please refer to https://mariadb.com/kb/en/library/innodb-recovery-modes/ for information about forcing recovery.
2025-03-17 18:29:13 0 [ERROR] InnoDB: Page [page id: space=0, page number=350] log sequence number 303086 is in the future! Current system log sequence number 300324.
2025-03-17 18:29:13 0 [ERROR] InnoDB: Your database may be corrupt or you may have copied the InnoDB tablespace but not the InnoDB log files. Please refer to https://mariadb.com/kb/en/library/innodb-recovery-modes/ for information about forcing recovery.
2025-03-17 18:29:13 0 [ERROR] InnoDB: Page [page id: space=0, page number=214] log sequence number 303146 is in the future! Current system log sequence number 300324.
2025-03-17 18:29:13 0 [ERROR] InnoDB: Your database may be corrupt or you may have copied the InnoDB tablespace but not the InnoDB log files. Please refer to https://mariadb.com/kb/en/library/innodb-recovery-modes/ for information about forcing recovery.
2025-03-17 18:29:13 0 [ERROR] InnoDB: Page [page id: space=0, page number=351] log sequence number 303146 is in the future! Current system log sequence number 300324.
2025-03-17 18:29:13 0 [ERROR] InnoDB: Your database may be corrupt or you may have copied the InnoDB tablespace but not the InnoDB log files. Please refer to https://mariadb.com/kb/en/library/innodb-recovery-modes/ for information about forcing recovery.
2025-03-17 18:29:13 0 [ERROR] InnoDB: Page [page id: space=0, page number=215] log sequence number 303190 is in the future! Current system log sequence number 300324.
2025-03-17 18:29:13 0 [ERROR] InnoDB: Your database may be corrupt or you may have copied the InnoDB tablespace but not the InnoDB log files. Please refer to https://mariadb.com/kb/en/library/innodb-recovery-modes/ for information about forcing recovery.
2025-03-17 18:29:13 0 [ERROR] InnoDB: Page [page id: space=0, page number=352] log sequence number 303190 is in the future! Current system log sequence number 300324.
2025-03-17 18:29:13 0 [ERROR] InnoDB: Your database may be corrupt or you may have copied the InnoDB tablespace but not the InnoDB log files. Please refer to https://mariadb.com/kb/en/library/innodb-recovery-modes/ for information about forcing recovery.
2025-03-17 18:29:13 0 [ERROR] InnoDB: Page [page id: space=0, page number=216] log sequence number 303234 is in the future! Current system log sequence number 300324.
2025-03-17 18:29:13 0 [ERROR] InnoDB: Your database may be corrupt or you may have copied the InnoDB tablespace but not the InnoDB log files. Please refer to https://mariadb.com/kb/en/library/innodb-recovery-modes/ for information about forcing recovery.
2025-03-17 18:29:13 0 [ERROR] InnoDB: Page [page id: space=0, page number=353] log sequence number 303234 is in the future! Current system log sequence number 300324.
2025-03-17 18:29:13 0 [ERROR] InnoDB: Your database may be corrupt or you may have copied the InnoDB tablespace but not the InnoDB log files. Please refer to https://mariadb.com/kb/en/library/innodb-recovery-modes/ for information about forcing recovery.
2025-03-17 18:29:13 0 [ERROR] InnoDB: Page [page id: space=0, page number=217] log sequence number 303278 is in the future! Current system log sequence number 300324.
2025-03-17 18:29:13 0 [ERROR] InnoDB: Your database may be corrupt or you may have copied the InnoDB tablespace but not the InnoDB log files. Please refer to https://mariadb.com/kb/en/library/innodb-recovery-modes/ for information about forcing recovery.
2025-03-17 18:29:13 0 [ERROR] InnoDB: Page [page id: space=0, page number=354] log sequence number 303278 is in the future! Current system log sequence number 300324.
2025-03-17 18:29:13 0 [ERROR] InnoDB: Your database may be corrupt or you may have copied the InnoDB tablespace but not the InnoDB log files. Please refer to https://mariadb.com/kb/en/library/innodb-recovery-modes/ for information about forcing recovery.
2025-03-17 18:29:13 0 [ERROR] InnoDB: Page [page id: space=0, page number=218] log sequence number 303322 is in the future! Current system log sequence number 300324.
2025-03-17 18:29:13 0 [ERROR] InnoDB: Your database may be corrupt or you may have copied the InnoDB tablespace but not the InnoDB log files. Please refer to https://mariadb.com/kb/en/library/innodb-recovery-modes/ for information about forcing recovery.
2025-03-17 18:29:13 0 [ERROR] InnoDB: Page [page id: space=0, page number=355] log sequence number 303322 is in the future! Current system log sequence number 300324.
2025-03-17 18:29:13 0 [ERROR] InnoDB: Your database may be corrupt or you may have copied the InnoDB tablespace but not the InnoDB log files. Please refer to https://mariadb.com/kb/en/library/innodb-recovery-modes/ for information about forcing recovery.
2025-03-17 18:29:13 0 [ERROR] InnoDB: Page [page id: space=0, page number=219] log sequence number 303366 is in the future! Current system log sequence number 300324.
2025-03-17 18:29:13 0 [ERROR] InnoDB: Your database may be corrupt or you may have copied the InnoDB tablespace but not the InnoDB log files. Please refer to https://mariadb.com/kb/en/library/innodb-recovery-modes/ for information about forcing recovery.
2025-03-17 18:29:13 0 [ERROR] InnoDB: Page [page id: space=0, page number=356] log sequence number 303366 is in the future! Current system log sequence number 300324.
2025-03-17 18:29:13 0 [ERROR] InnoDB: Your database may be corrupt or you may have copied the InnoDB tablespace but not the InnoDB log files. Please refer to https://mariadb.com/kb/en/library/innodb-recovery-modes/ for information about forcing recovery.
2025-03-17 18:29:13 0 [ERROR] InnoDB: Page [page id: space=0, page number=220] log sequence number 303410 is in the future! Current system log sequence number 300324.
2025-03-17 18:29:13 0 [ERROR] InnoDB: Your database may be corrupt or you may have copied the InnoDB tablespace but not the InnoDB log files. Please refer to https://mariadb.com/kb/en/library/innodb-recovery-modes/ for information about forcing recovery.
2025-03-17 18:29:13 0 [ERROR] InnoDB: Page [page id: space=0, page number=357] log sequence number 303410 is in the future! Current system log sequence number 300324.
2025-03-17 18:29:13 0 [ERROR] InnoDB: Your database may be corrupt or you may have copied the InnoDB tablespace but not the InnoDB log files. Please refer to https://mariadb.com/kb/en/library/innodb-recovery-modes/ for information about forcing recovery.
2025-03-17 18:29:13 0 [ERROR] InnoDB: Page [page id: space=0, page number=221] log sequence number 303454 is in the future! Current system log sequence number 300324.
2025-03-17 18:29:13 0 [ERROR] InnoDB: Your database may be corrupt or you may have copied the InnoDB tablespace but not the InnoDB log files. Please refer to https://mariadb.com/kb/en/library/innodb-recovery-modes/ for information about forcing recovery.
2025-03-17 18:29:13 0 [ERROR] InnoDB: Page [page id: space=0, page number=358] log sequence number 303454 is in the future! Current system log sequence number 300324.
2025-03-17 18:29:13 0 [ERROR] InnoDB: Your database may be corrupt or you may have copied the InnoDB tablespace but not the InnoDB log files. Please refer to https://mariadb.com/kb/en/library/innodb-recovery-modes/ for information about forcing recovery.
2025-03-17 18:29:13 0 [ERROR] InnoDB: Page [page id: space=0, page number=222] log sequence number 303498 is in the future! Current system log sequence number 300324.
2025-03-17 18:29:13 0 [ERROR] InnoDB: Your database may be corrupt or you may have copied the InnoDB tablespace but not the InnoDB log files. Please refer to https://mariadb.com/kb/en/library/innodb-recovery-modes/ for information about forcing recovery.
2025-03-17 18:29:13 0 [ERROR] InnoDB: Page [page id: space=0, page number=359] log sequence number 303498 is in the future! Current system log sequence number 300324.
2025-03-17 18:29:13 0 [ERROR] InnoDB: Your database may be corrupt or you may have copied the InnoDB tablespace but not the InnoDB log files. Please refer to https://mariadb.com/kb/en/library/innodb-recovery-modes/ for information about forcing recovery.
2025-03-17 18:29:13 0 [ERROR] InnoDB: Page [page id: space=0, page number=223] log sequence number 303542 is in the future! Current system log sequence number 300324.
2025-03-17 18:29:13 0 [ERROR] InnoDB: Your database may be corrupt or you may have copied the InnoDB tablespace but not the InnoDB log files. Please refer to https://mariadb.com/kb/en/library/innodb-recovery-modes/ for information about forcing recovery.
2025-03-17 18:29:13 0 [ERROR] InnoDB: Page [page id: space=0, page number=360] log sequence number 303542 is in the future! Current system log sequence number 300324.
2025-03-17 18:29:13 0 [ERROR] InnoDB: Your database may be corrupt or you may have copied the InnoDB tablespace but not the InnoDB log files. Please refer to https://mariadb.com/kb/en/library/innodb-recovery-modes/ for information about forcing recovery.
2025-03-17 18:29:13 0 [ERROR] InnoDB: Page [page id: space=0, page number=224] log sequence number 303586 is in the future! Current system log sequence number 300324.
2025-03-17 18:29:13 0 [ERROR] InnoDB: Your database may be corrupt or you may have copied the InnoDB tablespace but not the InnoDB log files. Please refer to https://mariadb.com/kb/en/library/innodb-recovery-modes/ for information about forcing recovery.
2025-03-17 18:29:13 0 [ERROR] InnoDB: Page [page id: space=0, page number=361] log sequence number 303586 is in the future! Current system log sequence number 300324.
2025-03-17 18:29:13 0 [ERROR] InnoDB: Your database may be corrupt or you may have copied the InnoDB tablespace but not the InnoDB log files. Please refer to https://mariadb.com/kb/en/library/innodb-recovery-modes/ for information about forcing recovery.
2025-03-17 18:29:13 0 [ERROR] InnoDB: Page [page id: space=0, page number=225] log sequence number 303646 is in the future! Current system log sequence number 300324.
2025-03-17 18:29:13 0 [ERROR] InnoDB: Your database may be corrupt or you may have copied the InnoDB tablespace but not the InnoDB log files. Please refer to https://mariadb.com/kb/en/library/innodb-recovery-modes/ for information about forcing recovery.
2025-03-17 18:29:13 0 [ERROR] InnoDB: Page [page id: space=0, page number=362] log sequence number 303646 is in the future! Current system log sequence number 300324.
2025-03-17 18:29:13 0 [ERROR] InnoDB: Your database may be corrupt or you may have copied the InnoDB tablespace but not the InnoDB log files. Please refer to https://mariadb.com/kb/en/library/innodb-recovery-modes/ for information about forcing recovery.
2025-03-17 18:29:13 0 [ERROR] InnoDB: Page [page id: space=0, page number=226] log sequence number 303690 is in the future! Current system log sequence number 300324.
2025-03-17 18:29:13 0 [ERROR] InnoDB: Your database may be corrupt or you may have copied the InnoDB tablespace but not the InnoDB log files. Please refer to https://mariadb.com/kb/en/library/innodb-recovery-modes/ for information about forcing recovery.
2025-03-17 18:29:13 0 [ERROR] InnoDB: Page [page id: space=0, page number=363] log sequence number 303690 is in the future! Current system log sequence number 300324.
2025-03-17 18:29:13 0 [ERROR] InnoDB: Your database may be corrupt or you may have copied the InnoDB tablespace but not the InnoDB log files. Please refer to https://mariadb.com/kb/en/library/innodb-recovery-modes/ for information about forcing recovery.
2025-03-17 18:29:13 0 [ERROR] InnoDB: Page [page id: space=0, page number=227] log sequence number 303734 is in the future! Current system log sequence number 300324.
2025-03-17 18:29:13 0 [ERROR] InnoDB: Your database may be corrupt or you may have copied the InnoDB tablespace but not the InnoDB log files. Please refer to https://mariadb.com/kb/en/library/innodb-recovery-modes/ for information about forcing recovery.
2025-03-17 18:29:13 0 [ERROR] InnoDB: Page [page id: space=0, page number=364] log sequence number 303734 is in the future! Current system log sequence number 300324.
2025-03-17 18:29:13 0 [ERROR] InnoDB: Your database may be corrupt or you may have copied the InnoDB tablespace but not the InnoDB log files. Please refer to https://mariadb.com/kb/en/library/innodb-recovery-modes/ for information about forcing recovery.
2025-03-17 18:29:13 0 [ERROR] InnoDB: Page [page id: space=0, page number=228] log sequence number 303778 is in the future! Current system log sequence number 300324.
2025-03-17 18:29:13 0 [ERROR] InnoDB: Your database may be corrupt or you may have copied the InnoDB tablespace but not the InnoDB log files. Please refer to https://mariadb.com/kb/en/library/innodb-recovery-modes/ for information about forcing recovery.
2025-03-17 18:29:13 0 [ERROR] InnoDB: Page [page id: space=0, page number=365] log sequence number 303778 is in the future! Current system log sequence number 300324.
2025-03-17 18:29:13 0 [ERROR] InnoDB: Your database may be corrupt or you may have copied the InnoDB tablespace but not the InnoDB log files. Please refer to https://mariadb.com/kb/en/library/innodb-recovery-modes/ for information about forcing recovery.
2025-03-17 18:29:13 0 [ERROR] InnoDB: Page [page id: space=0, page number=229] log sequence number 303822 is in the future! Current system log sequence number 300324.
2025-03-17 18:29:13 0 [ERROR] InnoDB: Your database may be corrupt or you may have copied the InnoDB tablespace but not the InnoDB log files. Please refer to https://mariadb.com/kb/en/library/innodb-recovery-modes/ for information about forcing recovery.
2025-03-17 18:29:13 0 [ERROR] InnoDB: Page [page id: space=0, page number=366] log sequence number 303822 is in the future! Current system log sequence number 300324.
2025-03-17 18:29:13 0 [ERROR] InnoDB: Your database may be corrupt or you may have copied the InnoDB tablespace but not the InnoDB log files. Please refer to https://mariadb.com/kb/en/library/innodb-recovery-modes/ for information about forcing recovery.
2025-03-17 18:29:13 0 [ERROR] InnoDB: Page [page id: space=0, page number=230] log sequence number 303866 is in the future! Current system log sequence number 300324.
2025-03-17 18:29:13 0 [ERROR] InnoDB: Your database may be corrupt or you may have copied the InnoDB tablespace but not the InnoDB log files. Please refer to https://mariadb.com/kb/en/library/innodb-recovery-modes/ for information about forcing recovery.
2025-03-17 18:29:13 0 [ERROR] InnoDB: Page [page id: space=0, page number=367] log sequence number 303866 is in the future! Current system log sequence number 300324.
2025-03-17 18:29:13 0 [ERROR] InnoDB: Your database may be corrupt or you may have copied the InnoDB tablespace but not the InnoDB log files. Please refer to https://mariadb.com/kb/en/library/innodb-recovery-modes/ for information about forcing recovery.
2025-03-17 18:29:13 0 [ERROR] InnoDB: Page [page id: space=0, page number=231] log sequence number 303910 is in the future! Current system log sequence number 300324.
2025-03-17 18:29:13 0 [ERROR] InnoDB: Your database may be corrupt or you may have copied the InnoDB tablespace but not the InnoDB log files. Please refer to https://mariadb.com/kb/en/library/innodb-recovery-modes/ for information about forcing recovery.
2025-03-17 18:29:13 0 [ERROR] InnoDB: Page [page id: space=0, page number=368] log sequence number 303910 is in the future! Current system log sequence number 300324.
2025-03-17 18:29:13 0 [ERROR] InnoDB: Your database may be corrupt or you may have copied the InnoDB tablespace but not the InnoDB log files. Please refer to https://mariadb.com/kb/en/library/innodb-recovery-modes/ for information about forcing recovery.
2025-03-17 18:29:13 0 [ERROR] InnoDB: Page [page id: space=0, page number=240] log sequence number 303954 is in the future! Current system log sequence number 300324.
2025-03-17 18:29:13 0 [ERROR] InnoDB: Your database may be corrupt or you may have copied the InnoDB tablespace but not the InnoDB log files. Please refer to https://mariadb.com/kb/en/library/innodb-recovery-modes/ for information about forcing recovery.
2025-03-17 18:29:13 0 [ERROR] InnoDB: Page [page id: space=0, page number=369] log sequence number 303954 is in the future! Current system log sequence number 300324.
2025-03-17 18:29:13 0 [ERROR] InnoDB: Your database may be corrupt or you may have copied the InnoDB tablespace but not the InnoDB log files. Please refer to https://mariadb.com/kb/en/library/innodb-recovery-modes/ for information about forcing recovery.
2025-03-17 18:29:13 0 [ERROR] InnoDB: Page [page id: space=0, page number=249] log sequence number 303998 is in the future! Current system log sequence number 300324.
2025-03-17 18:29:13 0 [ERROR] InnoDB: Your database may be corrupt or you may have copied the InnoDB tablespace but not the InnoDB log files. Please refer to https://mariadb.com/kb/en/library/innodb-recovery-modes/ for information about forcing recovery.
2025-03-17 18:29:13 0 [ERROR] InnoDB: Page [page id: space=0, page number=370] log sequence number 303998 is in the future! Current system log sequence number 300324.
2025-03-17 18:29:13 0 [ERROR] InnoDB: Your database may be corrupt or you may have copied the InnoDB tablespace but not the InnoDB log files. Please refer to https://mariadb.com/kb/en/library/innodb-recovery-modes/ for information about forcing recovery.
2025-03-17 18:29:13 0 [ERROR] InnoDB: Page [page id: space=0, page number=250] log sequence number 304042 is in the future! Current system log sequence number 300324.
2025-03-17 18:29:13 0 [ERROR] InnoDB: Your database may be corrupt or you may have copied the InnoDB tablespace but not the InnoDB log files. Please refer to https://mariadb.com/kb/en/library/innodb-recovery-modes/ for information about forcing recovery.
2025-03-17 18:29:13 0 [ERROR] InnoDB: Page [page id: space=0, page number=371] log sequence number 304042 is in the future! Current system log sequence number 300324.
2025-03-17 18:29:13 0 [ERROR] InnoDB: Your database may be corrupt or you may have copied the InnoDB tablespace but not the InnoDB log files. Please refer to https://mariadb.com/kb/en/library/innodb-recovery-modes/ for information about forcing recovery.
2025-03-17 18:29:13 0 [ERROR] InnoDB: Page [page id: space=0, page number=253] log sequence number 304086 is in the future! Current system log sequence number 300324.
2025-03-17 18:29:13 0 [ERROR] InnoDB: Your database may be corrupt or you may have copied the InnoDB tablespace but not the InnoDB log files. Please refer to https://mariadb.com/kb/en/library/innodb-recovery-modes/ for information about forcing recovery.
2025-03-17 18:29:13 0 [ERROR] InnoDB: Page [page id: space=0, page number=372] log sequence number 304086 is in the future! Current system log sequence number 300324.
2025-03-17 18:29:13 0 [ERROR] InnoDB: Your database may be corrupt or you may have copied the InnoDB tablespace but not the InnoDB log files. Please refer to https://mariadb.com/kb/en/library/innodb-recovery-modes/ for information about forcing recovery.
2025-03-17 18:29:13 0 [ERROR] InnoDB: Page [page id: space=0, page number=8] log sequence number 306770 is in the future! Current system log sequence number 300324.
2025-03-17 18:29:13 0 [ERROR] InnoDB: Your database may be corrupt or you may have copied the InnoDB tablespace but not the InnoDB log files. Please refer to https://mariadb.com/kb/en/library/innodb-recovery-modes/ for information about forcing recovery.
2025-03-17 18:29:13 0 [ERROR] InnoDB: Page [page id: space=0, page number=10] log sequence number 306850 is in the future! Current system log sequence number 300324.
2025-03-17 18:29:13 0 [ERROR] InnoDB: Your database may be corrupt or you may have copied the InnoDB tablespace but not the InnoDB log files. Please refer to https://mariadb.com/kb/en/library/innodb-recovery-modes/ for information about forcing recovery.
2025-03-17 18:29:13 0 [ERROR] InnoDB: Page [page id: space=0, page number=12] log sequence number 306672 is in the future! Current system log sequence number 300324.
2025-03-17 18:29:13 0 [ERROR] InnoDB: Your database may be corrupt or you may have copied the InnoDB tablespace but not the InnoDB log files. Please refer to https://mariadb.com/kb/en/library/innodb-recovery-modes/ for information about forcing recovery.
2025-03-17 18:29:13 0 [ERROR] InnoDB: Page [page id: space=0, page number=307] log sequence number 306709 is in the future! Current system log sequence number 300324.
2025-03-17 18:29:13 0 [ERROR] InnoDB: Your database may be corrupt or you may have copied the InnoDB tablespace but not the InnoDB log files. Please refer to https://mariadb.com/kb/en/library/innodb-recovery-modes/ for information about forcing recovery.
2025-03-17 18:29:13 0 [ERROR] InnoDB: Page [page id: space=0, page number=308] log sequence number 306730 is in the future! Current system log sequence number 300324.
2025-03-17 18:29:13 0 [ERROR] InnoDB: Your database may be corrupt or you may have copied the InnoDB tablespace but not the InnoDB log files. Please refer to https://mariadb.com/kb/en/library/innodb-recovery-modes/ for information about forcing recovery.
2025-03-17 18:29:13 0 [Note] InnoDB: 128 out of 128 rollback segments are active.
2025-03-17 18:29:13 0 [Note] InnoDB: Removed temporary tablespace data file: "ibtmp1"
2025-03-17 18:29:13 0 [Note] InnoDB: Creating shared tablespace for temporary tables
2025-03-17 18:29:13 0 [Note] InnoDB: Setting file 'D:\PROGRAMMING LANGUAGES\XAMPP\mysql\data\ibtmp1' size to 12 MB. Physically writing the file full; Please wait ...
2025-03-17 18:29:13 0 [Note] InnoDB: File 'D:\PROGRAMMING LANGUAGES\XAMPP\mysql\data\ibtmp1' size is now 12 MB.
2025-03-17 18:29:13 0 [Note] InnoDB: Waiting for purge to start
2025-03-17 18:29:13 1 [ERROR] InnoDB: Page [page id: space=0, page number=9] log sequence number 304609 is in the future! Current system log sequence number 300324.
2025-03-17 18:29:13 1 [ERROR] InnoDB: Your database may be corrupt or you may have copied the InnoDB tablespace but not the InnoDB log files. Please refer to https://mariadb.com/kb/en/library/innodb-recovery-modes/ for information about forcing recovery.
2025-03-17 18:29:13 1 [ERROR] InnoDB: Page [page id: space=2, page number=3] log sequence number 306930 is in the future! Current system log sequence number 300324.
2025-03-17 18:29:13 1 [ERROR] InnoDB: Your database may be corrupt or you may have copied the InnoDB tablespace but not the InnoDB log files. Please refer to https://mariadb.com/kb/en/library/innodb-recovery-modes/ for information about forcing recovery.
2025-03-17 18:29:13 3 [ERROR] InnoDB: Page [page id: space=9, page number=3] log sequence number 307191 is in the future! Current system log sequence number 300324.
2025-03-17 18:29:13 3 [ERROR] InnoDB: Your database may be corrupt or you may have copied the InnoDB tablespace but not the InnoDB log files. Please refer to https://mariadb.com/kb/en/library/innodb-recovery-modes/ for information about forcing recovery.
2025-03-17 18:29:13 3 [ERROR] InnoDB: Page [page id: space=1, page number=3] log sequence number 306890 is in the future! Current system log sequence number 300324.
2025-03-17 18:29:13 3 [ERROR] InnoDB: Your database may be corrupt or you may have copied the InnoDB tablespace but not the InnoDB log files. Please refer to https://mariadb.com/kb/en/library/innodb-recovery-modes/ for information about forcing recovery.
2025-03-17 18:29:13 0 [Note] InnoDB: 10.4.32 started; log sequence number 300315; transaction id 204
2025-03-17 18:29:13 0 [Note] InnoDB: Loading buffer pool(s) from D:\PROGRAMMING LANGUAGES\XAMPP\mysql\data\ib_buffer_pool
2025-03-17 18:29:13 0 [Note] Plugin 'FEEDBACK' is disabled.
2025-03-17 18:29:13 0 [Note] Server socket created on IP: '::'.
2025-03-18 11:48:42 0 [Note] Starting MariaDB 10.4.32-MariaDB source revision c4143f909528e3fab0677a28631d10389354c491 as process 14044
2025-03-18 11:48:42 0 [Note] InnoDB: Mutexes and rw_locks use Windows interlocked functions
2025-03-18 11:48:42 0 [Note] InnoDB: Uses event mutexes
2025-03-18 11:48:42 0 [Note] InnoDB: Compressed tables use zlib 1.3
2025-03-18 11:48:42 0 [Note] InnoDB: Number of pools: 1
2025-03-18 11:48:42 0 [Note] InnoDB: Using SSE2 crc32 instructions
2025-03-18 11:48:42 0 [Note] InnoDB: Initializing buffer pool, total size = 16M, instances = 1, chunk size = 16M
2025-03-18 11:48:42 0 [Note] InnoDB: Completed initialization of buffer pool
2025-03-18 11:48:42 0 [Note] InnoDB: Starting crash recovery from checkpoint LSN=304034
2025-03-18 11:48:42 0 [Warning] InnoDB: Ignoring a doublewrite copy of page [page id: space=0, page number=253] with future log sequence number 304086
2025-03-18 11:48:42 0 [Warning] InnoDB: Ignoring a doublewrite copy of page [page id: space=0, page number=372] with future log sequence number 304086
2025-03-18 11:48:42 0 [Warning] InnoDB: Ignoring a doublewrite copy of page [page id: space=0, page number=199] with future log sequence number 307171
2025-03-18 11:48:42 0 [Warning] InnoDB: Ignoring a doublewrite copy of page [page id: space=9, page number=3] with future log sequence number 307191
2025-03-18 11:48:42 0 [Warning] InnoDB: Ignoring a doublewrite copy of page [page id: space=0, page number=336] with future log sequence number 307171
2025-03-18 11:48:42 0 [Warning] InnoDB: Ignoring a doublewrite copy of page [page id: space=0, page number=197] with future log sequence number 306652
2025-03-18 11:48:42 0 [Warning] InnoDB: Ignoring a doublewrite copy of page [page id: space=2, page number=3] with future log sequence number 306930
2025-03-18 11:48:42 0 [Warning] InnoDB: Ignoring a doublewrite copy of page [page id: space=0, page number=334] with future log sequence number 306652
2025-03-18 11:48:42 0 [Warning] InnoDB: Ignoring a doublewrite copy of page [page id: space=0, page number=196] with future log sequence number 306017
2025-03-18 11:48:42 0 [Warning] InnoDB: Ignoring a doublewrite copy of page [page id: space=1, page number=3] with future log sequence number 306890
2025-03-18 11:48:42 0 [Warning] InnoDB: Ignoring a doublewrite copy of page [page id: space=0, page number=333] with future log sequence number 306017
2025-03-18 11:48:42 0 [Warning] InnoDB: Ignoring a doublewrite copy of page [page id: space=0, page number=195] with future log sequence number 305764
2025-03-18 11:48:42 0 [Warning] InnoDB: Ignoring a doublewrite copy of page [page id: space=24, page number=3] with future log sequence number 305688
2025-03-18 11:48:42 0 [ERROR] InnoDB: Page [page id: space=0, page number=7] log sequence number 305140 is in the future! Current system log sequence number 304052.
2025-03-18 11:48:42 0 [ERROR] InnoDB: Your database may be corrupt or you may have copied the InnoDB tablespace but not the InnoDB log files. Please refer to https://mariadb.com/kb/en/library/innodb-recovery-modes/ for information about forcing recovery.
2025-03-18 11:48:42 0 [ERROR] InnoDB: Page [page id: space=0, page number=253] log sequence number 304086 is in the future! Current system log sequence number 304052.
2025-03-18 11:48:42 0 [ERROR] InnoDB: Your database may be corrupt or you may have copied the InnoDB tablespace but not the InnoDB log files. Please refer to https://mariadb.com/kb/en/library/innodb-recovery-modes/ for information about forcing recovery.
2025-03-18 11:48:42 0 [ERROR] InnoDB: Page [page id: space=0, page number=372] log sequence number 304086 is in the future! Current system log sequence number 304052.
2025-03-18 11:48:42 0 [ERROR] InnoDB: Your database may be corrupt or you may have copied the InnoDB tablespace but not the InnoDB log files. Please refer to https://mariadb.com/kb/en/library/innodb-recovery-modes/ for information about forcing recovery.
2025-03-18 11:48:42 0 [ERROR] InnoDB: Page [page id: space=0, page number=8] log sequence number 306770 is in the future! Current system log sequence number 304052.
2025-03-18 11:48:42 0 [ERROR] InnoDB: Your database may be corrupt or you may have copied the InnoDB tablespace but not the InnoDB log files. Please refer to https://mariadb.com/kb/en/library/innodb-recovery-modes/ for information about forcing recovery.
2025-03-18 11:48:42 0 [ERROR] InnoDB: Page [page id: space=0, page number=12] log sequence number 306672 is in the future! Current system log sequence number 304052.
2025-03-18 11:48:42 0 [ERROR] InnoDB: Your database may be corrupt or you may have copied the InnoDB tablespace but not the InnoDB log files. Please refer to https://mariadb.com/kb/en/library/innodb-recovery-modes/ for information about forcing recovery.
2025-03-18 11:48:42 0 [ERROR] InnoDB: Page [page id: space=0, page number=307] log sequence number 306709 is in the future! Current system log sequence number 304052.
2025-03-18 11:48:42 0 [ERROR] InnoDB: Your database may be corrupt or you may have copied the InnoDB tablespace but not the InnoDB log files. Please refer to https://mariadb.com/kb/en/library/innodb-recovery-modes/ for information about forcing recovery.
2025-03-18 11:48:42 0 [ERROR] InnoDB: Page [page id: space=0, page number=308] log sequence number 306730 is in the future! Current system log sequence number 304052.
2025-03-18 11:48:42 0 [ERROR] InnoDB: Your database may be corrupt or you may have copied the InnoDB tablespace but not the InnoDB log files. Please refer to https://mariadb.com/kb/en/library/innodb-recovery-modes/ for information about forcing recovery.
2025-03-18 11:48:42 0 [Note] InnoDB: 128 out of 128 rollback segments are active.
2025-03-18 11:48:42 0 [Note] InnoDB: Removed temporary tablespace data file: "ibtmp1"
2025-03-18 11:48:42 0 [Note] InnoDB: Creating shared tablespace for temporary tables
2025-03-18 11:48:42 0 [Note] InnoDB: Setting file 'D:\PROGRAMMING LANGUAGES\XAMPP\mysql\data\ibtmp1' size to 12 MB. Physically writing the file full; Please wait ...
2025-03-18 11:48:42 0 [Note] InnoDB: File 'D:\PROGRAMMING LANGUAGES\XAMPP\mysql\data\ibtmp1' size is now 12 MB.
2025-03-18 11:48:42 0 [Note] InnoDB: Waiting for purge to start
2025-03-18 11:48:42 0 [Note] InnoDB: 10.4.32 started; log sequence number 304043; transaction id 245
2025-03-18 11:48:42 0 [Note] InnoDB: Loading buffer pool(s) from D:\PROGRAMMING LANGUAGES\XAMPP\mysql\data\ib_buffer_pool
2025-03-18 11:48:42 0 [Note] Plugin 'FEEDBACK' is disabled.
2025-03-18 11:48:42 0 [ERROR] InnoDB: Page [page id: space=0, page number=9] log sequence number 304609 is in the future! Current system log sequence number 304052.
2025-03-18 11:48:42 0 [ERROR] InnoDB: Your database may be corrupt or you may have copied the InnoDB tablespace but not the InnoDB log files. Please refer to https://mariadb.com/kb/en/library/innodb-recovery-modes/ for information about forcing recovery.
2025-03-18 11:48:42 0 [Note] Server socket created on IP: '::'.
2025-03-18 14:20:43 0 [Note] Starting MariaDB 10.4.32-MariaDB source revision c4143f909528e3fab0677a28631d10389354c491 as process 4536
2025-03-18 14:20:43 0 [Note] InnoDB: Mutexes and rw_locks use Windows interlocked functions
2025-03-18 14:20:43 0 [Note] InnoDB: Uses event mutexes
2025-03-18 14:20:43 0 [Note] InnoDB: Compressed tables use zlib 1.3
2025-03-18 14:20:43 0 [Note] InnoDB: Number of pools: 1
2025-03-18 14:20:43 0 [Note] InnoDB: Using SSE2 crc32 instructions
2025-03-18 14:20:43 0 [Note] InnoDB: Initializing buffer pool, total size = 16M, instances = 1, chunk size = 16M
2025-03-18 14:20:43 0 [Note] InnoDB: Completed initialization of buffer pool
2025-03-18 14:20:43 0 [Note] InnoDB: Starting crash recovery from checkpoint LSN=305756
2025-03-18 14:20:43 0 [Warning] InnoDB: Ignoring a doublewrite copy of page [page id: space=0, page number=199] with future log sequence number 307171
2025-03-18 14:20:43 0 [Warning] InnoDB: Ignoring a doublewrite copy of page [page id: space=9, page number=3] with future log sequence number 307191
2025-03-18 14:20:43 0 [Warning] InnoDB: Ignoring a doublewrite copy of page [page id: space=0, page number=336] with future log sequence number 307171
2025-03-18 14:20:43 0 [Warning] InnoDB: Ignoring a doublewrite copy of page [page id: space=0, page number=197] with future log sequence number 306652
2025-03-18 14:20:43 0 [Warning] InnoDB: Ignoring a doublewrite copy of page [page id: space=2, page number=3] with future log sequence number 306930
2025-03-18 14:20:43 0 [Warning] InnoDB: Ignoring a doublewrite copy of page [page id: space=0, page number=334] with future log sequence number 306652
2025-03-18 14:20:43 0 [Warning] InnoDB: Ignoring a doublewrite copy of page [page id: space=0, page number=196] with future log sequence number 306017
2025-03-18 14:20:43 0 [Warning] InnoDB: Ignoring a doublewrite copy of page [page id: space=1, page number=3] with future log sequence number 306890
2025-03-18 14:20:43 0 [Warning] InnoDB: Ignoring a doublewrite copy of page [page id: space=0, page number=333] with future log sequence number 306017
2025-03-18 14:20:44 0 [ERROR] InnoDB: Page [page id: space=0, page number=8] log sequence number 306770 is in the future! Current system log sequence number 305774.
2025-03-18 14:20:44 0 [ERROR] InnoDB: Your database may be corrupt or you may have copied the InnoDB tablespace but not the InnoDB log files. Please refer to https://mariadb.com/kb/en/library/innodb-recovery-modes/ for information about forcing recovery.
2025-03-18 14:20:44 0 [ERROR] InnoDB: Page [page id: space=0, page number=12] log sequence number 306672 is in the future! Current system log sequence number 305774.
2025-03-18 14:20:44 0 [ERROR] InnoDB: Your database may be corrupt or you may have copied the InnoDB tablespace but not the InnoDB log files. Please refer to https://mariadb.com/kb/en/library/innodb-recovery-modes/ for information about forcing recovery.
2025-03-18 14:20:44 0 [ERROR] InnoDB: Page [page id: space=0, page number=307] log sequence number 306709 is in the future! Current system log sequence number 305774.
2025-03-18 14:20:44 0 [ERROR] InnoDB: Your database may be corrupt or you may have copied the InnoDB tablespace but not the InnoDB log files. Please refer to https://mariadb.com/kb/en/library/innodb-recovery-modes/ for information about forcing recovery.
2025-03-18 14:20:44 0 [ERROR] InnoDB: Page [page id: space=0, page number=308] log sequence number 306730 is in the future! Current system log sequence number 305774.
2025-03-18 14:20:44 0 [ERROR] InnoDB: Your database may be corrupt or you may have copied the InnoDB tablespace but not the InnoDB log files. Please refer to https://mariadb.com/kb/en/library/innodb-recovery-modes/ for information about forcing recovery.
2025-03-18 14:20:44 0 [Note] InnoDB: 128 out of 128 rollback segments are active.
2025-03-18 14:20:44 0 [Note] InnoDB: Removed temporary tablespace data file: "ibtmp1"
2025-03-18 14:20:44 0 [Note] InnoDB: Creating shared tablespace for temporary tables
2025-03-18 14:20:44 0 [Note] InnoDB: Setting file 'D:\PROGRAMMING LANGUAGES\XAMPP\mysql\data\ibtmp1' size to 12 MB. Physically writing the file full; Please wait ...
2025-03-18 14:20:44 0 [Note] InnoDB: File 'D:\PROGRAMMING LANGUAGES\XAMPP\mysql\data\ibtmp1' size is now 12 MB.
2025-03-18 14:20:44 0 [Note] InnoDB: Waiting for purge to start
2025-03-18 14:20:44 0 [Note] InnoDB: 10.4.32 started; log sequence number 305765; transaction id 277
2025-03-18 14:20:44 0 [Note] InnoDB: Loading buffer pool(s) from D:\PROGRAMMING LANGUAGES\XAMPP\mysql\data\ib_buffer_pool
2025-03-18 14:20:44 0 [Note] Plugin 'FEEDBACK' is disabled.
2025-03-18 14:20:44 0 [Note] Server socket created on IP: '::'.
2025-04-10  2:44:08 0 [Note] Starting MariaDB 10.4.32-MariaDB source revision c4143f909528e3fab0677a28631d10389354c491 as process 18136
2025-04-10  2:44:08 0 [Note] InnoDB: Mutexes and rw_locks use Windows interlocked functions
2025-04-10  2:44:08 0 [Note] InnoDB: Uses event mutexes
2025-04-10  2:44:08 0 [Note] InnoDB: Compressed tables use zlib 1.3
2025-04-10  2:44:08 0 [Note] InnoDB: Number of pools: 1
2025-04-10  2:44:08 0 [Note] InnoDB: Using SSE2 crc32 instructions
2025-04-10  2:44:08 0 [Note] InnoDB: Initializing buffer pool, total size = 16M, instances = 1, chunk size = 16M
2025-04-10  2:44:08 0 [Note] InnoDB: Completed initialization of buffer pool
2025-04-10  2:44:08 0 [Note] InnoDB: Starting crash recovery from checkpoint LSN=305774
2025-04-10  2:44:08 0 [Warning] InnoDB: Ignoring a doublewrite copy of page [page id: space=0, page number=199] with future log sequence number 307171
2025-04-10  2:44:08 0 [Warning] InnoDB: Ignoring a doublewrite copy of page [page id: space=9, page number=3] with future log sequence number 307191
2025-04-10  2:44:08 0 [Warning] InnoDB: Ignoring a doublewrite copy of page [page id: space=0, page number=336] with future log sequence number 307171
2025-04-10  2:44:08 0 [Warning] InnoDB: Ignoring a doublewrite copy of page [page id: space=0, page number=197] with future log sequence number 306652
2025-04-10  2:44:08 0 [Warning] InnoDB: Ignoring a doublewrite copy of page [page id: space=2, page number=3] with future log sequence number 306930
2025-04-10  2:44:08 0 [Warning] InnoDB: Ignoring a doublewrite copy of page [page id: space=0, page number=334] with future log sequence number 306652
2025-04-10  2:44:08 0 [Warning] InnoDB: Ignoring a doublewrite copy of page [page id: space=0, page number=196] with future log sequence number 306017
2025-04-10  2:44:08 0 [Warning] InnoDB: Ignoring a doublewrite copy of page [page id: space=1, page number=3] with future log sequence number 306890
2025-04-10  2:44:08 0 [Warning] InnoDB: Ignoring a doublewrite copy of page [page id: space=0, page number=333] with future log sequence number 306017
2025-04-10  2:44:08 0 [ERROR] InnoDB: Page [page id: space=0, page number=8] log sequence number 306770 is in the future! Current system log sequence number 305792.
2025-04-10  2:44:08 0 [ERROR] InnoDB: Your database may be corrupt or you may have copied the InnoDB tablespace but not the InnoDB log files. Please refer to https://mariadb.com/kb/en/library/innodb-recovery-modes/ for information about forcing recovery.
2025-04-10  2:44:08 0 [ERROR] InnoDB: Page [page id: space=0, page number=12] log sequence number 306672 is in the future! Current system log sequence number 305792.
2025-04-10  2:44:08 0 [ERROR] InnoDB: Your database may be corrupt or you may have copied the InnoDB tablespace but not the InnoDB log files. Please refer to https://mariadb.com/kb/en/library/innodb-recovery-modes/ for information about forcing recovery.
2025-04-10  2:44:08 0 [ERROR] InnoDB: Page [page id: space=0, page number=307] log sequence number 306709 is in the future! Current system log sequence number 305792.
2025-04-10  2:44:08 0 [ERROR] InnoDB: Your database may be corrupt or you may have copied the InnoDB tablespace but not the InnoDB log files. Please refer to https://mariadb.com/kb/en/library/innodb-recovery-modes/ for information about forcing recovery.
2025-04-10  2:44:08 0 [ERROR] InnoDB: Page [page id: space=0, page number=308] log sequence number 306730 is in the future! Current system log sequence number 305792.
2025-04-10  2:44:08 0 [ERROR] InnoDB: Your database may be corrupt or you may have copied the InnoDB tablespace but not the InnoDB log files. Please refer to https://mariadb.com/kb/en/library/innodb-recovery-modes/ for information about forcing recovery.
2025-04-10  2:44:08 0 [Note] InnoDB: 128 out of 128 rollback segments are active.
2025-04-10  2:44:08 0 [Note] InnoDB: Removed temporary tablespace data file: "ibtmp1"
2025-04-10  2:44:08 0 [Note] InnoDB: Creating shared tablespace for temporary tables
2025-04-10  2:44:08 0 [Note] InnoDB: Setting file 'D:\PROGRAMMING LANGUAGES\XAMPP\mysql\data\ibtmp1' size to 12 MB. Physically writing the file full; Please wait ...
2025-04-10  2:44:08 0 [Note] InnoDB: File 'D:\PROGRAMMING LANGUAGES\XAMPP\mysql\data\ibtmp1' size is now 12 MB.
2025-04-10  2:44:08 0 [Note] InnoDB: Waiting for purge to start
2025-04-10  2:44:08 0 [Note] InnoDB: 10.4.32 started; log sequence number 305783; transaction id 277
2025-04-10  2:44:08 0 [Note] InnoDB: Loading buffer pool(s) from D:\PROGRAMMING LANGUAGES\XAMPP\mysql\data\ib_buffer_pool
2025-04-10  2:44:08 0 [Note] Plugin 'FEEDBACK' is disabled.
2025-04-10  2:44:08 0 [Note] InnoDB: Buffer pool(s) load completed at 250410  2:44:08
2025-04-10  2:44:08 0 [Note] Server socket created on IP: '::'.
2025-04-10 10:50:26 0 [Note] Starting MariaDB 10.4.32-MariaDB source revision c4143f909528e3fab0677a28631d10389354c491 as process 2492
2025-04-10 10:50:26 0 [Note] InnoDB: Mutexes and rw_locks use Windows interlocked functions
2025-04-10 10:50:26 0 [Note] InnoDB: Uses event mutexes
2025-04-10 10:50:26 0 [Note] InnoDB: Compressed tables use zlib 1.3
2025-04-10 10:50:26 0 [Note] InnoDB: Number of pools: 1
2025-04-10 10:50:26 0 [Note] InnoDB: Using SSE2 crc32 instructions
2025-04-10 10:50:26 0 [Note] InnoDB: Initializing buffer pool, total size = 16M, instances = 1, chunk size = 16M
2025-04-10 10:50:26 0 [Note] InnoDB: Completed initialization of buffer pool
2025-04-10 10:50:26 0 [Note] InnoDB: Starting crash recovery from checkpoint LSN=305792
2025-04-10 10:50:26 0 [Warning] InnoDB: Ignoring a doublewrite copy of page [page id: space=0, page number=199] with future log sequence number 307171
2025-04-10 10:50:26 0 [Warning] InnoDB: Ignoring a doublewrite copy of page [page id: space=9, page number=3] with future log sequence number 307191
2025-04-10 10:50:26 0 [Warning] InnoDB: Ignoring a doublewrite copy of page [page id: space=0, page number=336] with future log sequence number 307171
2025-04-10 10:50:26 0 [Warning] InnoDB: Ignoring a doublewrite copy of page [page id: space=0, page number=197] with future log sequence number 306652
2025-04-10 10:50:27 0 [Warning] InnoDB: Ignoring a doublewrite copy of page [page id: space=2, page number=3] with future log sequence number 306930
2025-04-10 10:50:27 0 [Warning] InnoDB: Ignoring a doublewrite copy of page [page id: space=0, page number=334] with future log sequence number 306652
2025-04-10 10:50:27 0 [Warning] InnoDB: Ignoring a doublewrite copy of page [page id: space=0, page number=196] with future log sequence number 306017
2025-04-10 10:50:27 0 [Warning] InnoDB: Ignoring a doublewrite copy of page [page id: space=1, page number=3] with future log sequence number 306890
2025-04-10 10:50:27 0 [Warning] InnoDB: Ignoring a doublewrite copy of page [page id: space=0, page number=333] with future log sequence number 306017
2025-04-10 10:50:27 0 [ERROR] InnoDB: Page [page id: space=0, page number=8] log sequence number 306770 is in the future! Current system log sequence number 305810.
2025-04-10 10:50:27 0 [ERROR] InnoDB: Your database may be corrupt or you may have copied the InnoDB tablespace but not the InnoDB log files. Please refer to https://mariadb.com/kb/en/library/innodb-recovery-modes/ for information about forcing recovery.
2025-04-10 10:50:27 0 [ERROR] InnoDB: Page [page id: space=0, page number=12] log sequence number 306672 is in the future! Current system log sequence number 305810.
2025-04-10 10:50:27 0 [ERROR] InnoDB: Your database may be corrupt or you may have copied the InnoDB tablespace but not the InnoDB log files. Please refer to https://mariadb.com/kb/en/library/innodb-recovery-modes/ for information about forcing recovery.
2025-04-10 10:50:27 0 [ERROR] InnoDB: Page [page id: space=0, page number=307] log sequence number 306709 is in the future! Current system log sequence number 305810.
2025-04-10 10:50:27 0 [ERROR] InnoDB: Your database may be corrupt or you may have copied the InnoDB tablespace but not the InnoDB log files. Please refer to https://mariadb.com/kb/en/library/innodb-recovery-modes/ for information about forcing recovery.
2025-04-10 10:50:27 0 [ERROR] InnoDB: Page [page id: space=0, page number=308] log sequence number 306730 is in the future! Current system log sequence number 305810.
2025-04-10 10:50:27 0 [ERROR] InnoDB: Your database may be corrupt or you may have copied the InnoDB tablespace but not the InnoDB log files. Please refer to https://mariadb.com/kb/en/library/innodb-recovery-modes/ for information about forcing recovery.
2025-04-10 10:50:27 0 [Note] InnoDB: 128 out of 128 rollback segments are active.
2025-04-10 10:50:27 0 [Note] InnoDB: Removed temporary tablespace data file: "ibtmp1"
2025-04-10 10:50:27 0 [Note] InnoDB: Creating shared tablespace for temporary tables
2025-04-10 10:50:27 0 [Note] InnoDB: Setting file 'D:\PROGRAMMING LANGUAGES\XAMPP\mysql\data\ibtmp1' size to 12 MB. Physically writing the file full; Please wait ...
2025-04-10 10:50:27 0 [Note] InnoDB: File 'D:\PROGRAMMING LANGUAGES\XAMPP\mysql\data\ibtmp1' size is now 12 MB.
2025-04-10 10:50:27 0 [Note] InnoDB: Waiting for purge to start
2025-04-10 10:50:27 0 [Note] InnoDB: 10.4.32 started; log sequence number 305801; transaction id 277
2025-04-10 10:50:27 0 [Note] InnoDB: Loading buffer pool(s) from D:\PROGRAMMING LANGUAGES\XAMPP\mysql\data\ib_buffer_pool
2025-04-10 10:50:27 0 [Note] Plugin 'FEEDBACK' is disabled.
2025-04-10 10:50:27 0 [Note] Server socket created on IP: '::'.
2025-04-11  6:07:01 0 [Note] Starting MariaDB 10.4.32-MariaDB source revision c4143f909528e3fab0677a28631d10389354c491 as process 4736
2025-04-11  6:07:01 0 [Note] InnoDB: Mutexes and rw_locks use Windows interlocked functions
2025-04-11  6:07:01 0 [Note] InnoDB: Uses event mutexes
2025-04-11  6:07:01 0 [Note] InnoDB: Compressed tables use zlib 1.3
2025-04-11  6:07:01 0 [Note] InnoDB: Number of pools: 1
2025-04-11  6:07:01 0 [Note] InnoDB: Using SSE2 crc32 instructions
2025-04-11  6:07:01 0 [Note] InnoDB: Initializing buffer pool, total size = 16M, instances = 1, chunk size = 16M
2025-04-11  6:07:01 0 [Note] InnoDB: Completed initialization of buffer pool
2025-04-11  6:07:01 0 [Note] InnoDB: Starting crash recovery from checkpoint LSN=305810
2025-04-11  6:07:01 0 [Warning] InnoDB: Ignoring a doublewrite copy of page [page id: space=0, page number=199] with future log sequence number 307171
2025-04-11  6:07:01 0 [Warning] InnoDB: Ignoring a doublewrite copy of page [page id: space=9, page number=3] with future log sequence number 307191
2025-04-11  6:07:01 0 [Warning] InnoDB: Ignoring a doublewrite copy of page [page id: space=0, page number=336] with future log sequence number 307171
2025-04-11  6:07:01 0 [Warning] InnoDB: Ignoring a doublewrite copy of page [page id: space=0, page number=197] with future log sequence number 306652
2025-04-11  6:07:01 0 [Warning] InnoDB: Ignoring a doublewrite copy of page [page id: space=2, page number=3] with future log sequence number 306930
2025-04-11  6:07:01 0 [Warning] InnoDB: Ignoring a doublewrite copy of page [page id: space=0, page number=334] with future log sequence number 306652
2025-04-11  6:07:01 0 [Warning] InnoDB: Ignoring a doublewrite copy of page [page id: space=0, page number=196] with future log sequence number 306017
2025-04-11  6:07:01 0 [Warning] InnoDB: Ignoring a doublewrite copy of page [page id: space=1, page number=3] with future log sequence number 306890
2025-04-11  6:07:01 0 [Warning] InnoDB: Ignoring a doublewrite copy of page [page id: space=0, page number=333] with future log sequence number 306017
2025-04-11  6:07:01 0 [ERROR] InnoDB: Page [page id: space=0, page number=8] log sequence number 306770 is in the future! Current system log sequence number 305828.
2025-04-11  6:07:01 0 [ERROR] InnoDB: Your database may be corrupt or you may have copied the InnoDB tablespace but not the InnoDB log files. Please refer to https://mariadb.com/kb/en/library/innodb-recovery-modes/ for information about forcing recovery.
2025-04-11  6:07:01 0 [ERROR] InnoDB: Page [page id: space=0, page number=12] log sequence number 306672 is in the future! Current system log sequence number 305828.
2025-04-11  6:07:01 0 [ERROR] InnoDB: Your database may be corrupt or you may have copied the InnoDB tablespace but not the InnoDB log files. Please refer to https://mariadb.com/kb/en/library/innodb-recovery-modes/ for information about forcing recovery.
2025-04-11  6:07:01 0 [ERROR] InnoDB: Page [page id: space=0, page number=307] log sequence number 306709 is in the future! Current system log sequence number 305828.
2025-04-11  6:07:01 0 [ERROR] InnoDB: Your database may be corrupt or you may have copied the InnoDB tablespace but not the InnoDB log files. Please refer to https://mariadb.com/kb/en/library/innodb-recovery-modes/ for information about forcing recovery.
2025-04-11  6:07:01 0 [ERROR] InnoDB: Page [page id: space=0, page number=308] log sequence number 306730 is in the future! Current system log sequence number 305828.
2025-04-11  6:07:01 0 [ERROR] InnoDB: Your database may be corrupt or you may have copied the InnoDB tablespace but not the InnoDB log files. Please refer to https://mariadb.com/kb/en/library/innodb-recovery-modes/ for information about forcing recovery.
2025-04-11  6:07:01 0 [Note] InnoDB: 128 out of 128 rollback segments are active.
2025-04-11  6:07:01 0 [Note] InnoDB: Removed temporary tablespace data file: "ibtmp1"
2025-04-11  6:07:01 0 [Note] InnoDB: Creating shared tablespace for temporary tables
2025-04-11  6:07:01 0 [Note] InnoDB: Setting file 'D:\PROGRAMMING LANGUAGES\XAMPP\mysql\data\ibtmp1' size to 12 MB. Physically writing the file full; Please wait ...
2025-04-11  6:07:01 0 [Note] InnoDB: File 'D:\PROGRAMMING LANGUAGES\XAMPP\mysql\data\ibtmp1' size is now 12 MB.
2025-04-11  6:07:01 0 [Note] InnoDB: Waiting for purge to start
2025-04-11  6:07:01 0 [Note] InnoDB: 10.4.32 started; log sequence number 305819; transaction id 277
2025-04-11  6:07:01 0 [Note] InnoDB: Loading buffer pool(s) from D:\PROGRAMMING LANGUAGES\XAMPP\mysql\data\ib_buffer_pool
2025-04-11  6:07:01 0 [Note] Plugin 'FEEDBACK' is disabled.
2025-04-11  6:07:01 0 [Note] Server socket created on IP: '::'.
2025-04-11  9:19:00 0 [Note] Starting MariaDB 10.4.32-MariaDB source revision c4143f909528e3fab0677a28631d10389354c491 as process 14588
2025-04-11  9:19:00 0 [Note] InnoDB: Mutexes and rw_locks use Windows interlocked functions
2025-04-11  9:19:00 0 [Note] InnoDB: Uses event mutexes
2025-04-11  9:19:00 0 [Note] InnoDB: Compressed tables use zlib 1.3
2025-04-11  9:19:00 0 [Note] InnoDB: Number of pools: 1
2025-04-11  9:19:00 0 [Note] InnoDB: Using SSE2 crc32 instructions
2025-04-11  9:19:00 0 [Note] InnoDB: Initializing buffer pool, total size = 16M, instances = 1, chunk size = 16M
2025-04-11  9:19:00 0 [Note] InnoDB: Completed initialization of buffer pool
2025-04-11  9:19:01 0 [Note] InnoDB: Starting crash recovery from checkpoint LSN=306330
2025-04-11  9:19:01 0 [Warning] InnoDB: Ignoring a doublewrite copy of page [page id: space=0, page number=199] with future log sequence number 307171
2025-04-11  9:19:01 0 [Warning] InnoDB: Ignoring a doublewrite copy of page [page id: space=9, page number=3] with future log sequence number 307191
2025-04-11  9:19:01 0 [Warning] InnoDB: Ignoring a doublewrite copy of page [page id: space=0, page number=336] with future log sequence number 307171
2025-04-11  9:19:01 0 [Warning] InnoDB: Ignoring a doublewrite copy of page [page id: space=0, page number=197] with future log sequence number 306652
2025-04-11  9:19:01 0 [Warning] InnoDB: Ignoring a doublewrite copy of page [page id: space=2, page number=3] with future log sequence number 306930
2025-04-11  9:19:01 0 [Warning] InnoDB: Ignoring a doublewrite copy of page [page id: space=0, page number=334] with future log sequence number 306652
2025-04-11  9:19:01 0 [Warning] InnoDB: Ignoring a doublewrite copy of page [page id: space=1, page number=3] with future log sequence number 306890
2025-04-11  9:19:01 0 [ERROR] InnoDB: Page [page id: space=0, page number=8] log sequence number 306770 is in the future! Current system log sequence number 306348.
2025-04-11  9:19:01 0 [ERROR] InnoDB: Your database may be corrupt or you may have copied the InnoDB tablespace but not the InnoDB log files. Please refer to https://mariadb.com/kb/en/library/innodb-recovery-modes/ for information about forcing recovery.
2025-04-11  9:19:01 0 [ERROR] InnoDB: Page [page id: space=0, page number=12] log sequence number 306672 is in the future! Current system log sequence number 306348.
2025-04-11  9:19:01 0 [ERROR] InnoDB: Your database may be corrupt or you may have copied the InnoDB tablespace but not the InnoDB log files. Please refer to https://mariadb.com/kb/en/library/innodb-recovery-modes/ for information about forcing recovery.
2025-04-11  9:19:01 0 [ERROR] InnoDB: Page [page id: space=0, page number=307] log sequence number 306709 is in the future! Current system log sequence number 306348.
2025-04-11  9:19:01 0 [ERROR] InnoDB: Your database may be corrupt or you may have copied the InnoDB tablespace but not the InnoDB log files. Please refer to https://mariadb.com/kb/en/library/innodb-recovery-modes/ for information about forcing recovery.
2025-04-11  9:19:01 0 [ERROR] InnoDB: Page [page id: space=0, page number=308] log sequence number 306730 is in the future! Current system log sequence number 306348.
2025-04-11  9:19:01 0 [ERROR] InnoDB: Your database may be corrupt or you may have copied the InnoDB tablespace but not the InnoDB log files. Please refer to https://mariadb.com/kb/en/library/innodb-recovery-modes/ for information about forcing recovery.
2025-04-11  9:19:01 0 [Note] InnoDB: 128 out of 128 rollback segments are active.
2025-04-11  9:19:01 0 [Note] InnoDB: Removed temporary tablespace data file: "ibtmp1"
2025-04-11  9:19:01 0 [Note] InnoDB: Creating shared tablespace for temporary tables
2025-04-11  9:19:01 0 [Note] InnoDB: Setting file 'D:\PROGRAMMING LANGUAGES\XAMPP\mysql\data\ibtmp1' size to 12 MB. Physically writing the file full; Please wait ...
2025-04-11  9:19:01 0 [Note] InnoDB: File 'D:\PROGRAMMING LANGUAGES\XAMPP\mysql\data\ibtmp1' size is now 12 MB.
2025-04-11  9:19:01 0 [Note] InnoDB: Waiting for purge to start
2025-04-11  9:19:01 0 [Note] InnoDB: 10.4.32 started; log sequence number 306339; transaction id 300
2025-04-11  9:19:01 0 [Note] InnoDB: Loading buffer pool(s) from D:\PROGRAMMING LANGUAGES\XAMPP\mysql\data\ib_buffer_pool
2025-04-11  9:19:01 0 [Note] Plugin 'FEEDBACK' is disabled.
2025-04-11  9:19:01 0 [Note] Server socket created on IP: '::'.
